fixation id,start timestamp [ns],end timestamp [ns],fixation on face,trial_id,trial_type
82,1734597217964519936,1734597218729593856,False,1.0,noisy
83,1734597218764441856,1734597219049589760,False,1.0,noisy
84,1734597219100546048,1734597221013566976,False,1.0,noisy
85,1734597221068546048,1734597221333611008,False,1.0,noisy
86,1734597221368758016,1734597222001559808,False,1.0,noisy
87,1734597222040571904,1734597222329508864,False,1.0,noisy
88,1734597222484760832,1734597222785630976,False,1.0,noisy
89,1734597222824514048,1734597223109488896,False,1.0,noisy
90,1734597223152484864,1734597223561547008,False,1.0,noisy
91,1734597223616598016,1734597224221553920,False,1.0,noisy
92,1734597224272494848,1734597224469520896,False,1.0,noisy
93,1734597224512536064,1734597224945559808,False,1.0,noisy
94,1734597224984528896,1734597225353651968,False,1.0,noisy
95,1734597225392510976,1734597226521774848,False,1.0,noisy
96,1734597226560887040,1734597226797508864,False,1.0,noisy
97,1734597227000587008,1734597227685605888,False,1.0,noisy
98,1734597227752555008,1734597231813575936,False,1.0,noisy
99,1734597232004583936,1734597232417523968,False,1.0,noisy
100,1734597232452531968,1734597232869563904,False,1.0,noisy
101,1734597233080887040,1734597233505627904,False,1.0,noisy
102,1734597233724493056,1734597233889522944,False,1.0,noisy
103,1734597233924488960,1734597234665569792,False,1.0,noisy
104,1734597234740536064,1734597235661529856,False,1.0,noisy
105,1734597235716557824,1734597235957502976,False,1.0,noisy
106,1734597236004524032,1734597236653619968,False,1.0,noisy
107,1734597236712748032,1734597236985522944,False,1.0,noisy
108,1734597237008641024,1734597239041736960,False,1.0,noisy
109,1734597239088622848,1734597239333493760,False,1.0,noisy
110,1734597239556792064,1734597240393553920,False,1.0,noisy
111,1734597240444646912,1734597241013553920,False,1.0,noisy
112,1734597241064613888,1734597241369508864,False,1.0,noisy
113,1734597241416566016,1734597241586077952,False,1.0,noisy
114,1734597241780516864,1734597242185536768,False,1.0,noisy
115,1734597242376545024,1734597243421536000,False,1.0,noisy
116,1734597243472494848,1734597243709521920,False,1.0,noisy
117,1734597243744486912,1734597243969608960,False,1.0,noisy
118,1734597244012602880,1734597245805551872,False,1.0,noisy
119,1734597246004653824,1734597246657658880,False,1.0,noisy
120,1734597246852540928,1734597248549547776,False,1.0,noisy
121,1734597248616485888,1734597248929490944,False,1.0,noisy
122,1734597248980505856,1734597250057637888,False,1.0,noisy
123,1734597250120609024,1734597250281625856,False,1.0,noisy
124,1734597250336632832,1734597252513563904,False,1.0,noisy
125,1734597252748594944,1734597254833580800,False,1.0,noisy
126,1734597254884457984,1734597255121483776,False,1.0,noisy
127,1734597255164590848,1734597255297811968,False,1.0,noisy
128,1734597255512540928,1734597256541593856,False,1.0,noisy
129,1734597256600598016,1734597256809906944,False,1.0,noisy
130,1734597256860557824,1734597257905554944,False,1.0,noisy
131,1734597257948556032,1734597258477590784,False,1.0,noisy
132,1734597258652594944,1734597259577566976,False,1.0,noisy
133,1734597259624573952,1734597260009479936,False,1.0,noisy
134,1734597260080525056,1734597260185821952,False,1.0,noisy
135,1734597260216549888,1734597265261646848,False,1.0,noisy
136,1734597265460530944,1734597265701498880,False,1.0,noisy
137,1734597265741454848,1734597266229621760,False,1.0,noisy
138,1734597266269733888,1734597266869611776,False,1.0,noisy
139,1734597266908576000,1734597267549568768,False,1.0,noisy
140,1734597267596771072,1734597267913559808,False,1.0,noisy
141,1734597267960516864,1734597268529528832,False,1.0,noisy
142,1734597268696552960,1734597268929569792,False,1.0,noisy
143,1734597268956590848,1734597269177544960,False,1.0,noisy
144,1734597269212502016,1734597270141547008,False,1.0,noisy
145,1734597270176602880,1734597271189566976,False,1.0,noisy
146,1734597271396647936,1734597274097579776,False,1.0,noisy
147,1734597274296623872,1734597274553561856,False,1.0,noisy
148,1734597274592601856,1734597275233608960,False,1.0,noisy
149,1734597275284510976,1734597275629612800,False,1.0,noisy
150,1734597275676576000,1734597276917525760,False,1.0,noisy
151,1734597276956603904,1734597277753504000,False,1.0,noisy
152,1734597277788649984,1734597279085580800,False,1.0,noisy
153,1734597279124563968,1734597279629617920,False,1.0,noisy
154,1734597279668617984,1734597280069516800,False,1.0,noisy
155,1734597280312477952,1734597280525517824,False,1.0,noisy
156,1734597280580534016,1734597283969551872,False,1.0,noisy
157,1734597284140520960,1734597284917628928,False,1.0,noisy
158,1734597284956496896,1734597286433486848,False,1.0,noisy
159,1734597286504509952,1734597289037480960,False,1.0,noisy
160,1734597289096468992,1734597289421679872,False,1.0,noisy
161,1734597289524534016,1734597290969865984,False,1.0,noisy
162,1734597291040478976,1734597291205457920,True,1.0,noisy
163,1734597291228599040,1734597291517486848,False,1.0,noisy
164,1734597291744526848,1734597291922039808,False,1.0,noisy
165,1734597292188549888,1734597292577530880,False,1.0,noisy
166,1734597292832525824,1734597292921508864,False,1.0,noisy
167,1734597293192579840,1734597293765469952,False,1.0,noisy
168,1734597294000484864,1734597294237501952,False,1.0,noisy
169,1734597294480613888,1734597295309504768,False,1.0,noisy
170,1734597295376504832,1734597295997484800,True,1.0,noisy
171,1734597296160483072,1734597297497510912,True,1.0,noisy
172,1734597297560563968,1734597297893544960,False,1.0,noisy
173,1734597297932532992,1734597298225555968,False,1.0,noisy
174,1734597298420513024,1734597299045464832,False,1.0,noisy
175,1734597299096497920,1734597299977473792,False,1.0,noisy
176,1734597300020508928,1734597300917521920,False,1.0,noisy
177,1734597300956593920,1734597301373649920,False,1.0,noisy
178,1734597301412574976,1734597302141598976,False,1.0,noisy
179,1734597302348488960,1734597303897487872,False,1.0,noisy
180,1734597303932497920,1734597304341472000,False,1.0,noisy
181,1734597304476502016,1734597305229481984,False,1.0,noisy
182,1734597305264539904,1734597305713492992,False,1.0,noisy
183,1734597305772657920,1734597307985580800,False,1.0,noisy
184,1734597308156571904,1734597308573541888,False,1.0,noisy
185,1734597308608534016,1734597308861488896,False,1.0,noisy
186,1734597308900485888,1734597309185832960,False,1.0,noisy
187,1734597309224514048,1734597310009672960,False,1.0,noisy
307,1734597362340632064,1734597362777505792,False,2.0,quiet
308,1734597362830147072,1734597362965493760,False,2.0,quiet
309,1734597363004525824,1734597363353597952,False,2.0,quiet
310,1734597363504563968,1734597363705547008,False,2.0,quiet
311,1734597363756504832,1734597364005529856,False,2.0,quiet
312,1734597364052499968,1734597364517644800,False,2.0,quiet
313,1734597364572529920,1734597366081483776,False,2.0,quiet
314,1734597366284762880,1734597367522150912,False,2.0,quiet
315,1734597367564515072,1734597368245505792,False,2.0,quiet
316,1734597368292559872,1734597369877491968,False,2.0,quiet
317,1734597370112500992,1734597370493544960,False,2.0,quiet
318,1734597370532615936,1734597371129511936,False,2.0,quiet
319,1734597371168504064,1734597372029504000,False,2.0,quiet
320,1734597372060581888,1734597372501493760,False,2.0,quiet
321,1734597372548495872,1734597372865534976,False,2.0,quiet
322,1734597372940500992,1734597375105504000,False,2.0,quiet
323,1734597375356614912,1734597379305489920,False,2.0,quiet
324,1734597379560603904,1734597381181485824,False,2.0,quiet
325,1734597381252510976,1734597381625520896,False,2.0,quiet
326,1734597381800488960,1734597382350393856,False,2.0,quiet
327,1734597382396572928,1734597382861487872,False,2.0,quiet
328,1734597382936635904,1734597383717540864,False,2.0,quiet
329,1734597383916544000,1734597384501506816,True,2.0,quiet
330,1734597384704527872,1734597389297538816,False,2.0,quiet
331,1734597389488975872,1734597389901510912,False,2.0,quiet
332,1734597389960611840,1734597390145586944,False,2.0,quiet
333,1734597390188495872,1734597390501517824,False,2.0,quiet
334,1734597390540539904,1734597391385536768,False,2.0,quiet
335,1734597391436529920,1734597392617521920,False,2.0,quiet
336,1734597392664491008,1734597394825626880,False,2.0,quiet
337,1734597394880510976,1734597395261519872,False,2.0,quiet
338,1734597395308670976,1734597395645530880,False,2.0,quiet
339,1734597395888611840,1734597396417988864,False,2.0,quiet
340,1734597396457214976,1734597397533536768,False,2.0,quiet
341,1734597397584526848,1734597398081658880,False,2.0,quiet
342,1734597398120517888,1734597398357495808,False,2.0,quiet
343,1734597398384483840,1734597399105677824,False,2.0,quiet
344,1734597399176495872,1734597400037465856,True,2.0,quiet
345,1734597400077187840,1734597402225558784,False,2.0,quiet
346,1734597402260602880,1734597402465477888,False,2.0,quiet
347,1734597402504635904,1734597402809507840,False,2.0,quiet
348,1734597402864491008,1734597403605473792,False,2.0,quiet
349,1734597403804483072,1734597404633507840,False,2.0,quiet
350,1734597404852503040,1734597405693565952,False,2.0,quiet
351,1734597405884667904,1734597407001504000,False,2.0,quiet
352,1734597407048481024,1734597407457522944,False,2.0,quiet
353,1734597407636513024,1734597407881639936,False,2.0,quiet
354,1734597407952493824,1734597408253558784,False,2.0,quiet
355,1734597408312507904,1734597408613530880,False,2.0,quiet
356,1734597408664562944,1734597409897479936,False,2.0,quiet
357,1734597410104541952,1734597410873498880,False,2.0,quiet
358,1734597410940811008,1734597411253492992,False,2.0,quiet
359,1734597411280499968,1734597411677490944,False,2.0,quiet
360,1734597411724509952,1734597412093662976,False,2.0,quiet
361,1734597412149368064,1734597413401487872,False,2.0,quiet
362,1734597413444781056,1734597415321500928,False,2.0,quiet
363,1734597415484518912,1734597416109594880,False,2.0,quiet
364,1734597416260495872,1734597416417524992,False,2.0,quiet
365,1734597416444487936,1734597416801472000,False,2.0,quiet
366,1734597416836506880,1734597417025716992,False,2.0,quiet
367,1734597417056667904,1734597417261458944,False,2.0,quiet
368,1734597417320587008,1734597419817714944,False,2.0,quiet
369,1734597419860651008,1734597420581511936,False,2.0,quiet
370,1734597420620478976,1734597421053615872,False,2.0,quiet
371,1734597421108647936,1734597421461493760,True,2.0,quiet
372,1734597421524493824,1734597422585598976,False,2.0,quiet
373,1734597422656498944,1734597422897527808,False,2.0,quiet
374,1734597422952477952,1734597423533498880,False,2.0,quiet
375,1734597423592630016,1734597424137481984,False,2.0,quiet
376,1734597424268552960,1734597425109485824,True,2.0,quiet
377,1734597425152835840,1734597425509657856,False,2.0,quiet
378,1734597425704484864,1734597426157483008,True,2.0,quiet
379,1734597426220568832,1734597428333621760,False,2.0,quiet
380,1734597428480474880,1734597428909564928,True,2.0,quiet
381,1734597429100495872,1734597430173490944,True,2.0,quiet
382,1734597430232504832,1734597430441647872,False,2.0,quiet
383,1734597430464484864,1734597431557618944,False,2.0,quiet
384,1734597431784503040,1734597433209517824,False,2.0,quiet
385,1734597433260726016,1734597434181486848,True,2.0,quiet
386,1734597434352499968,1734597434577573888,True,2.0,quiet
387,1734597434644488960,1734597435813562880,False,2.0,quiet
388,1734597435864562944,1734597436165496832,True,2.0,quiet
389,1734597436348649984,1734597437105568000,True,2.0,quiet
390,1734597437176493824,1734597437317472768,False,2.0,quiet
391,1734597437340473856,1734597438129541888,False,2.0,quiet
392,1734597438348758016,1734597438513536768,False,2.0,quiet
393,1734597438576496896,1734597443685474816,False,2.0,quiet
394,1734597443728611840,1734597444149536000,False,2.0,quiet
395,1734597444176475904,1734597445821515008,True,2.0,quiet
396,1734597445884488960,1734597446417500928,False,2.0,quiet
397,1734597446464483840,1734597447049526784,True,2.0,quiet
398,1734597447224619008,1734597448121587968,True,2.0,quiet
399,1734597448161251072,1734597448469764864,False,2.0,quiet
400,1734597448533456896,1734597449173538816,False,2.0,quiet
401,1734597449216546048,1734597449601486848,False,2.0,quiet
402,1734597449644486912,1734597449993632768,False,2.0,quiet
403,1734597450036491008,1734597450921511936,False,2.0,quiet
404,1734597450956486912,1734597451129643776,False,2.0,quiet
405,1734597451340489984,1734597452857493760,False,2.0,quiet
406,1734597452888538880,1734597453741536768,False,2.0,quiet
407,1734597453920483072,1734597454117545984,False,2.0,quiet
408,1734597454140473856,1734597454593611776,False,2.0,quiet
409,1734597454796648960,1734597455369519872,False,2.0,quiet
410,1734597455400521984,1734597456121733888,False,2.0,quiet
411,1734597456180684032,1734597456457490944,False,2.0,quiet
412,1734597456516592896,1734597456805863936,False,2.0,quiet
413,1734597456832461824,1734597457049496832,False,2.0,quiet
414,1734597457104503040,1734597457797519872,False,2.0,quiet
461,1734597488272589824,1734597488597516800,False,3.0,noisy
462,1734597488832504832,1734597489529568768,False,3.0,noisy
463,1734597489600564992,1734597489865550848,False,3.0,noisy
464,1734597489892499968,1734597490129520896,False,3.0,noisy
465,1734597490184491008,1734597490537481984,False,3.0,noisy
466,1734597490608622848,1734597490705492992,False,3.0,noisy
467,1734597490756461824,1734597490933614848,False,3.0,noisy
468,1734597490956655872,1734597491193510912,False,3.0,noisy
469,1734597491296491008,1734597491637563904,False,3.0,noisy
470,1734597491664578048,1734597492153509888,False,3.0,noisy
471,1734597492204553984,1734597492629488896,False,3.0,noisy
472,1734597492680486912,1734597492845524992,False,3.0,noisy
473,1734597492876535040,1734597494069505792,False,3.0,noisy
474,1734597494332504832,1734597494621494784,False,3.0,noisy
475,1734597494676488960,1734597495593583872,False,3.0,noisy
476,1734597495784475904,1734597496273592832,False,3.0,noisy
477,1734597496304566016,1734597497001527808,False,3.0,noisy
478,1734597497184471040,1734597497461722880,False,3.0,noisy
479,1734597497496491008,1734597497777509888,False,3.0,noisy
480,1734597497812507904,1734597497981595904,False,3.0,noisy
481,1734597498004677888,1734597498165491968,False,3.0,noisy
482,1734597498196472832,1734597498585509888,False,3.0,noisy
483,1734597498616621056,1734597498961485824,False,3.0,noisy
484,1734597499012540928,1734597499813566976,False,3.0,noisy
485,1734597499852515072,1734597500073585920,False,3.0,noisy
486,1734597500100488960,1734597500385504000,False,3.0,noisy
487,1734597500408600064,1734597500681494784,False,3.0,noisy
488,1734597500860625920,1734597500993500928,False,3.0,noisy
489,1734597501040493056,1734597501417540864,False,3.0,noisy
490,1734597501444475904,1734597501742379776,False,3.0,noisy
491,1734597501796536832,1734597502717493760,False,3.0,noisy
492,1734597502924485888,1734597504369519872,False,3.0,noisy
493,1734597504560461056,1734597505077528832,False,3.0,noisy
494,1734597505124548864,1734597505265504000,False,3.0,noisy
495,1734597505300499968,1734597505605540864,False,3.0,noisy
496,1734597505656567040,1734597506297565952,False,3.0,noisy
497,1734597506328626944,1734597506781563904,False,3.0,noisy
498,1734597506836482048,1734597507061522944,False,3.0,noisy
499,1734597507124504064,1734597507557992960,False,3.0,noisy
500,1734597507584581888,1734597507765495808,False,3.0,noisy
501,1734597507944481024,1734597508765597952,False,3.0,noisy
502,1734597508832756992,1734597509181498880,False,3.0,noisy
503,1734597509352492032,1734597509597511936,False,3.0,noisy
504,1734597509640537856,1734597509953504000,False,3.0,noisy
505,1734597509976516864,1734597510401551872,False,3.0,noisy
506,1734597510436507904,1734597510601593856,False,3.0,noisy
507,1734597510632541952,1734597510849555968,False,3.0,noisy
508,1734597510888596992,1734597512169515776,False,3.0,noisy
509,1734597512304579840,1734597513513614848,False,3.0,noisy
510,1734597513536515840,1734597514017903872,False,3.0,noisy
511,1734597514184503040,1734597514501548800,False,3.0,noisy
512,1734597514568797952,1734597515053492992,False,3.0,noisy
513,1734597515108824832,1734597515333632768,False,3.0,noisy
514,1734597515392539904,1734597516109607936,False,3.0,noisy
515,1734597516196537856,1734597516621484800,False,3.0,noisy
516,1734597516660504064,1734597517009519872,False,3.0,noisy
517,1734597517040529920,1734597517917552896,False,3.0,noisy
518,1734597518136530944,1734597518377515008,False,3.0,noisy
519,1734597518436781824,1734597518853553920,False,3.0,noisy
520,1734597518892532992,1734597520193585920,False,3.0,noisy
521,1734597520220606976,1734597520497496832,False,3.0,noisy
522,1734597520520480000,1734597521353492992,False,3.0,noisy
523,1734597521568579072,1734597522301579776,False,3.0,noisy
524,1734597522352508928,1734597522733504000,False,3.0,noisy
525,1734597522760488960,1734597522993543936,False,3.0,noisy
526,1734597523024600064,1734597523693554944,False,3.0,noisy
527,1734597523749402880,1734597523953986816,False,3.0,noisy
528,1734597524008472832,1734597529957517824,False,3.0,noisy
529,1734597530168537856,1734597531685558784,False,3.0,noisy
530,1734597531724504064,1734597531877486848,False,3.0,noisy
531,1734597531912508928,1734597532261488896,False,3.0,noisy
532,1734597532296471040,1734597532825527808,False,3.0,noisy
533,1734597532956581888,1734597533781509888,False,3.0,noisy
534,1734597533816624896,1734597534165582848,False,3.0,noisy
535,1734597534228839936,1734597534989728768,False,3.0,noisy
536,1734597535196493056,1734597536845757952,False,3.0,noisy
537,1734597537024517888,1734597537121496832,False,3.0,noisy
538,1734597537156485888,1734597538297522944,False,3.0,noisy
539,1734597538332621824,1734597538913509888,False,3.0,noisy
540,1734597538968664064,1734597540445475840,False,3.0,noisy
541,1734597540628564992,1734597543013582848,False,3.0,noisy
542,1734597543224749824,1734597543481485824,False,3.0,noisy
543,1734597543520476928,1734597544321483776,False,3.0,noisy
544,1734597544360504832,1734597544873499904,False,3.0,noisy
545,1734597544924523008,1734597545577491968,False,3.0,noisy
546,1734597545812498944,1734597546385656832,False,3.0,noisy
547,1734597546420579072,1734597547461507840,False,3.0,noisy
548,1734597547500500992,1734597547777613824,False,3.0,noisy
549,1734597547988631040,1734597548133493760,False,3.0,noisy
550,1734597548160797952,1734597548889533952,False,3.0,noisy
551,1734597548944564992,1734597549549655808,False,3.0,noisy
552,1734597549580493824,1734597549929659904,True,3.0,noisy
553,1734597550060687872,1734597550561743872,False,3.0,noisy
554,1734597550600478976,1734597550925500928,False,3.0,noisy
555,1734597550976485888,1734597551317611776,False,3.0,noisy
556,1734597551536527872,1734597552237485824,False,3.0,noisy
557,1734597552276548864,1734597554081473792,False,3.0,noisy
558,1734597554124521984,1734597554393728768,False,3.0,noisy
559,1734597554456537856,1734597555941684992,False,3.0,noisy
560,1734597556132496896,1734597557345449984,False,3.0,noisy
561,1734597557552507904,1734597557813837824,True,3.0,noisy
562,1734597557856576000,1734597558817529856,False,3.0,noisy
563,1734597558880568832,1734597559645496832,False,3.0,noisy
564,1734597559676515840,1734597560037477888,False,3.0,noisy
565,1734597560244494848,1734597560321632768,False,3.0,noisy
566,1734597560356568064,1734597560693483776,False,3.0,noisy
567,1734597560732571904,1734597561173565952,False,3.0,noisy
568,1734597561200496896,1734597563005526784,False,3.0,noisy
569,1734597563052515072,1734597563297487872,True,3.0,noisy
570,1734597563356476928,1734597566157533952,False,3.0,noisy
571,1734597566204579840,1734597566421613824,False,3.0,noisy
572,1734597566444504832,1734597566961494784,False,3.0,noisy
573,1734597567100497920,1734597567861541888,True,3.0,noisy
574,1734597567896485888,1734597568173565952,False,3.0,noisy
575,1734597568216828928,1734597568589487872,False,3.0,noisy
576,1734597568632563968,1734597569445492992,False,3.0,noisy
577,1734597569488595968,1734597570161472768,True,3.0,noisy
578,1734597570224483072,1734597570369480960,False,3.0,noisy
579,1734597570572843008,1734597570853495808,False,3.0,noisy
580,1734597570908634880,1734597571777495808,False,3.0,noisy
581,1734597571824529920,1734597572254212864,False,3.0,noisy
582,1734597572452771072,1734597572569505792,False,3.0,noisy
583,1734597572608640000,1734597573225477888,False,3.0,noisy
584,1734597573268902912,1734597574285506816,True,3.0,noisy
585,1734597574344613888,1734597574985571840,False,3.0,noisy
586,1734597575164499968,1734597576761525760,False,3.0,noisy
587,1734597576980519936,1734597578029485824,False,3.0,noisy
588,1734597578232532992,1734597579441534976,True,3.0,noisy
589,1734597579504484864,1734597581305554944,False,3.0,noisy
590,1734597581452517888,1734597582125495808,False,3.0,noisy
591,1734597582348464896,1734597583053572864,False,3.0,noisy
592,1734597583096567040,1734597583557491968,False,3.0,noisy
593,1734597583768796928,1734597583897713920,False,3.0,noisy
594,1734597583952506880,1734597585073797888,False,3.0,noisy
595,1734597585116576000,1734597585617504000,False,3.0,noisy
596,1734597585664527872,1734597586761520896,False,3.0,noisy
597,1734597586812502016,1734597586981649920,False,3.0,noisy
670,1734597622312536832,1734597622669542912,False,4.0,noisy
671,1734597622724592896,1734597622925501952,False,4.0,noisy
672,1734597622980562944,1734597623277551872,False,4.0,noisy
673,1734597623332657920,1734597623449496832,False,4.0,noisy
674,1734597623492613888,1734597623777490944,False,4.0,noisy
675,1734597623804525056,1734597624173505792,False,4.0,noisy
676,1734597624228621824,1734597624441490944,False,4.0,noisy
677,1734597624480619008,1734597624841521920,False,4.0,noisy
678,1734597624884513024,1734597625057489920,False,4.0,noisy
679,1734597625076494848,1734597625261547776,False,4.0,noisy
680,1734597625296468992,1734597625713501952,False,4.0,noisy
681,1734597625744581888,1734597628177560832,False,4.0,noisy
682,1734597628216535040,1734597628817634816,False,4.0,noisy
683,1734597628984592896,1734597629061528832,False,4.0,noisy
684,1734597629112520960,1734597629665579008,False,4.0,noisy
685,1734597629692591872,1734597631417521920,False,4.0,noisy
686,1734597631616796928,1734597638589522944,False,4.0,noisy
687,1734597638644598016,1734597640061501952,False,4.0,noisy
688,1734597640096510976,1734597640317666816,False,4.0,noisy
689,1734597640516531968,1734597640965477888,False,4.0,noisy
690,1734597641000478976,1734597641589544960,False,4.0,noisy
691,1734597641628532992,1734597641889486848,True,4.0,noisy
692,1734597641908577024,1734597642241516800,False,4.0,noisy
693,1734597642264473856,1734597643425465856,False,4.0,noisy
694,1734597643512476928,1734597649449559808,False,4.0,noisy
695,1734597649548539904,1734597651361539840,False,4.0,noisy
696,1734597651404500992,1734597657281547008,False,4.0,noisy
697,1734597657308579072,1734597660485495808,False,4.0,noisy
698,1734597660524478976,1734597661989472000,False,4.0,noisy
699,1734597662192504832,1734597665905630976,False,4.0,noisy
700,1734597666040552960,1734597669945643776,False,4.0,noisy
701,1734597669980509952,1734597670957654784,False,4.0,noisy
702,1734597670984572928,1734597672125510912,False,4.0,noisy
703,1734597672148532992,1734597677825565952,False,4.0,noisy
704,1734597677868518912,1734597679113587968,False,4.0,noisy
705,1734597679264544000,1734597679613585920,False,4.0,noisy
706,1734597679844609024,1734597681077472768,False,4.0,noisy
707,1734597681316557056,1734597681761620992,False,4.0,noisy
708,1734597681844983040,1734597682873502976,False,4.0,noisy
709,1734597682928631040,1734597683765885952,True,4.0,noisy
710,1734597683825159936,1734597684205483776,False,4.0,noisy
711,1734597684260525056,1734597684817613824,True,4.0,noisy
712,1734597685008718848,1734597685881504768,True,4.0,noisy
713,1734597685944504064,1734597686465476864,False,4.0,noisy
714,1734597686660507904,1734597687865500928,True,4.0,noisy
715,1734597687900495872,1734597688361489920,False,4.0,noisy
716,1734597688420468992,1734597689033548800,False,4.0,noisy
717,1734597689252504832,1734597691521525760,False,4.0,noisy
718,1734597691704491008,1734597692741529856,False,4.0,noisy
719,1734597692788493056,1734597693085513984,False,4.0,noisy
720,1734597693112598016,1734597693421502976,False,4.0,noisy
721,1734597693484474880,1734597695677486848,False,4.0,noisy
722,1734597695864537856,1734597696825525760,True,4.0,noisy
723,1734597696860557056,1734597697421579776,False,4.0,noisy
724,1734597697604514048,1734597699201470976,True,4.0,noisy
725,1734597699380987904,1734597700401500928,False,4.0,noisy
726,1734597700612499968,1734597701533565952,False,4.0,noisy
727,1734597701560548864,1734597702065530880,False,4.0,noisy
728,1734597702104512000,1734597703745504000,False,4.0,noisy
729,1734597703948570880,1734597704233507840,False,4.0,noisy
730,1734597704268558848,1734597705337548800,False,4.0,noisy
731,1734597705388674048,1734597705953513984,False,4.0,noisy
732,1734597705980508928,1734597706281564928,False,4.0,noisy
733,1734597706340497920,1734597707221511936,False,4.0,noisy
734,1734597707412516864,1734597708977504768,False,4.0,noisy
735,1734597709032493824,1734597709961516800,True,4.0,noisy
736,1734597710020578048,1734597711277494784,False,4.0,noisy
737,1734597711324536064,1734597711905508864,True,4.0,noisy
738,1734597711956571904,1734597712433517824,False,4.0,noisy
739,1734597712476494848,1734597712781563904,False,4.0,noisy
740,1734597712824493824,1734597713213568768,False,4.0,noisy
797,1734597740968539904,1734597741261491968,False,5.0,quiet
798,1734597741296492032,1734597741746148864,False,5.0,quiet
799,1734597741784589056,1734597742525500928,False,5.0,quiet
800,1734597742716538880,1734597745957508864,False,5.0,quiet
801,1734597746188577024,1734597747817483776,False,5.0,quiet
802,1734597748020491008,1734597749078168832,False,5.0,quiet
803,1734597749132632064,1734597749885658880,False,5.0,quiet
804,1734597750076489984,1734597750901565952,True,5.0,quiet
805,1734597750964529920,1734597752897499904,False,5.0,quiet
806,1734597752944514048,1734597754661548800,False,5.0,quiet
807,1734597754724583936,1734597755873586944,False,5.0,quiet
808,1734597756080518912,1734597757017483008,True,5.0,quiet
809,1734597757068515840,1734597757425766912,False,5.0,quiet
810,1734597757596640000,1734597758129561856,True,5.0,quiet
811,1734597758148595968,1734597759525629952,False,5.0,quiet
812,1734597759564500992,1734597759921750784,False,5.0,quiet
813,1734597759984532992,1734597762161518848,False,5.0,quiet
814,1734597762384498944,1734597763089640960,True,5.0,quiet
815,1734597763128619008,1734597763609499904,False,5.0,quiet
816,1734597763840503040,1734597765881492992,True,5.0,quiet
817,1734597765944480000,1734597768217643008,False,5.0,quiet
818,1734597768320508928,1734597770197524992,True,5.0,quiet
819,1734597770400484864,1734597772049516800,False,5.0,quiet
820,1734597772084531968,1734597772745478912,False,5.0,quiet
821,1734597772808623872,1734597773249571840,False,5.0,quiet
822,1734597773276718848,1734597773621504768,False,5.0,quiet
823,1734597773664515072,1734597774429485824,False,5.0,quiet
824,1734597774452653056,1734597774637564928,False,5.0,quiet
825,1734597774828582912,1734597775421499904,False,5.0,quiet
826,1734597775476466944,1734597776625580800,False,5.0,quiet
827,1734597776800494848,1734597777301500928,False,5.0,quiet
828,1734597777516788992,1734597778317550848,False,5.0,quiet
829,1734597778348934912,1734597778681494784,False,5.0,quiet
830,1734597778704541952,1734597779089541888,False,5.0,quiet
831,1734597779220482048,1734597780837537792,False,5.0,quiet
832,1734597780868670976,1734597781481510912,False,5.0,quiet
833,1734597781532829952,1734597782893506816,False,5.0,quiet
834,1734597782929678848,1734597783277502976,False,5.0,quiet
835,1734597783460574976,1734597783625621760,False,5.0,quiet
836,1734597783672493056,1734597784105573888,False,5.0,quiet
837,1734597784140557056,1734597784701604864,False,5.0,quiet
838,1734597784772609024,1734597785077504000,False,5.0,quiet
839,1734597785344524032,1734597785653579776,False,5.0,quiet
840,1734597785784588032,1734597786181512960,False,5.0,quiet
841,1734597786209829888,1734597786505461760,False,5.0,quiet
842,1734597786664559872,1734597786937472768,False,5.0,quiet
843,1734597787004483840,1734597787693472000,False,5.0,quiet
844,1734597787892553984,1734597788521571840,False,5.0,quiet
845,1734597788584557824,1734597788841489920,False,5.0,quiet
846,1734597789084579840,1734597789233601792,False,5.0,quiet
847,1734597789284527872,1734597789637526784,False,5.0,quiet
848,1734597789684517888,1734597790305515776,False,5.0,quiet
849,1734597790336473856,1734597791497472000,False,5.0,quiet
850,1734597791560572928,1734597795461512960,False,5.0,quiet
851,1734597795516552960,1734597795985593856,False,5.0,quiet
852,1734597796168600832,1734597796713643776,True,5.0,quiet
853,1734597796756623872,1734597797165589760,False,5.0,quiet
854,1734597797220540928,1734597797689647872,False,5.0,quiet
855,1734597797744632832,1734597798581497856,True,5.0,quiet
856,1734597798640662016,1734597799677510912,False,5.0,quiet
857,1734597799736485888,1734597801133493760,False,5.0,quiet
858,1734597801200953856,1734597805453594880,False,5.0,quiet
859,1734597805660813824,1734597807541566976,True,5.0,quiet
860,1734597807608659968,1734597809161504768,False,5.0,quiet
861,1734597809344560896,1734597811021484800,False,5.0,quiet
862,1734597811068820992,1734597811217498880,False,5.0,quiet
863,1734597811236571904,1734597811601506816,False,5.0,quiet
864,1734597811736673024,1734597811950147840,False,5.0,quiet
865,1734597812084525056,1734597812593606912,False,5.0,quiet
866,1734597812752538880,1734597812989511936,False,5.0,quiet
867,1734597813028584960,1734597813945593856,False,5.0,quiet
868,1734597813996495872,1734597814185601792,False,5.0,quiet
869,1734597814220502016,1734597814961498880,False,5.0,quiet
870,1734597814980619008,1734597815401521920,False,5.0,quiet
871,1734597815432552960,1734597815809554944,False,5.0,quiet
872,1734597815972532992,1734597816193603840,False,5.0,quiet
873,1734597816232495872,1734597817029617920,False,5.0,quiet
874,1734597817184493056,1734597818017500928,False,5.0,quiet
875,1734597818056494848,1734597818301744896,False,5.0,quiet
876,1734597818348550912,1734597818781491968,False,5.0,quiet
877,1734597818832549888,1734597819533523968,False,5.0,quiet
878,1734597819564510976,1734597820294024960,False,5.0,quiet
879,1734597820312521984,1734597820913563904,False,5.0,quiet
880,1734597821088600832,1734597823121540864,False,5.0,quiet
881,1734597823184541952,1734597823529528832,False,5.0,quiet
882,1734597823580468992,1734597824449511936,False,5.0,quiet
883,1734597824484472832,1734597825101495808,False,5.0,quiet
884,1734597825160594944,1734597827257649920,False,5.0,quiet
885,1734597827440477952,1734597827709573888,False,5.0,quiet
886,1734597827752481024,1734597828173968896,False,5.0,quiet
887,1734597828196742912,1734597828381484800,False,5.0,quiet
888,1734597828548570880,1734597828961580800,False,5.0,quiet
889,1734597829020508928,1734597830981524992,False,5.0,quiet
890,1734597831088940032,1734597831529512960,False,5.0,quiet
891,1734597831572649984,1734597832021505792,False,5.0,quiet
892,1734597832048500992,1734597832293743872,False,5.0,quiet
893,1734597832320534016,1734597832989536000,False,5.0,quiet
969,1734597864416504064,1734597864641942784,False,6.0,quiet
970,1734597864756493056,1734597864857640960,False,6.0,quiet
971,1734597864904487936,1734597865357515008,False,6.0,quiet
972,1734597865384616960,1734597881561512960,False,6.0,quiet
973,1734597881588503040,1734597883433505792,False,6.0,quiet
974,1734597883460502016,1734597884217518848,False,6.0,quiet
975,1734597884316623872,1734597888677512960,False,6.0,quiet
976,1734597888720525824,1734597897877553920,False,6.0,quiet
977,1734597897920500992,1734597898505559808,False,6.0,quiet
978,1734597898640474880,1734597898885559808,False,6.0,quiet
979,1734597899028646912,1734597899269499904,False,6.0,quiet
980,1734597899324485888,1734597899681588992,False,6.0,quiet
981,1734597899924466944,1734597900057769984,False,6.0,quiet
982,1734597900112536832,1734597900493495808,False,6.0,quiet
983,1734597900748547840,1734597901145479936,False,6.0,quiet
984,1734597901197058048,1734597901465511936,False,6.0,quiet
985,1734597901520482048,1734597902057547776,False,6.0,quiet
986,1734597902296495872,1734597902545504000,False,6.0,quiet
987,1734597902592517888,1734597903277518848,False,6.0,quiet
988,1734597903316651008,1734597903937497856,False,6.0,quiet
989,1734597903988588032,1734597904585600000,False,6.0,quiet
990,1734597904760515840,1734597905249593856,False,6.0,quiet
991,1734597905292561920,1734597906145500928,False,6.0,quiet
992,1734597906196638976,1734597906829511936,False,6.0,quiet
993,1734597907004503040,1734597908901803008,False,6.0,quiet
994,1734597908948528896,1734597909177491968,False,6.0,quiet
995,1734597909220535040,1734597909797492992,False,6.0,quiet
996,1734597909980502016,1734597910145477888,False,6.0,quiet
997,1734597910180466944,1734597910773524992,False,6.0,quiet
998,1734597910804518912,1734597911233515776,False,6.0,quiet
999,1734597911264562944,1734597911553558784,False,6.0,quiet
1000,1734597911612651008,1734597912461477888,False,6.0,quiet
1001,1734597912500525056,1734597912701497856,False,6.0,quiet
1002,1734597912744523008,1734597913421552896,False,6.0,quiet
1003,1734597913632527872,1734597914185650944,False,6.0,quiet
1004,1734597914228813056,1734597915725469952,False,6.0,quiet
1005,1734597915768652032,1734597916689491968,False,6.0,quiet
1006,1734597916740485888,1734597918105598976,False,6.0,quiet
1007,1734597918284472064,1734597919597589760,False,6.0,quiet
1008,1734597919632503040,1734597920513605888,False,6.0,quiet
1009,1734597920548532992,1734597921157515776,False,6.0,quiet
1010,1734597921200572928,1734597921538240000,False,6.0,quiet
1011,1734597921592513024,1734597921837491968,False,6.0,quiet
1012,1734597921868512000,1734597922689462784,False,6.0,quiet
1013,1734597922728550912,1734597923273517824,False,6.0,quiet
1014,1734597923440491008,1734597923725508864,False,6.0,quiet
1015,1734597923760530944,1734597924245629952,False,6.0,quiet
1016,1734597924304534016,1734597925049507840,False,6.0,quiet
1017,1734597925104489984,1734597926745629952,False,6.0,quiet
1018,1734597926952504064,1734597927325492992,False,6.0,quiet
1019,1734597927372571904,1734597928677558784,False,6.0,quiet
1020,1734597928724621056,1734597929153539840,False,6.0,quiet
1021,1734597929192504832,1734597929545489920,False,6.0,quiet
1022,1734597929580566016,1734597930141493760,False,6.0,quiet
1023,1734597930188588032,1734597930737657856,False,6.0,quiet
1024,1734597930784471040,1734597931253554944,False,6.0,quiet
1025,1734597931292486912,1734597932129611008,False,6.0,quiet
1026,1734597932152494848,1734597932417507840,False,6.0,quiet
1027,1734597932456569856,1734597932697598976,False,6.0,quiet
1028,1734597932760481024,1734597933161609984,False,6.0,quiet
1029,1734597933216495872,1734597933721652992,False,6.0,quiet
1030,1734597933764805888,1734597934465467904,False,6.0,quiet
1031,1734597934644591872,1734597935153961984,False,6.0,quiet
1032,1734597935176494848,1734597935653739008,False,6.0,quiet
1033,1734597935680578048,1734597936801588992,False,6.0,quiet
1034,1734597936840542976,1734597937081467904,False,6.0,quiet
1035,1734597937140504064,1734597937577545984,False,6.0,quiet
1036,1734597937632478976,1734597938693584896,False,6.0,quiet
1037,1734597938744544000,1734597938933660928,True,6.0,quiet
1038,1734597938972461056,1734597939125635840,False,6.0,quiet
1039,1734597939176502016,1734597940181485824,False,6.0,quiet
1040,1734597940372539904,1734597941561484800,False,6.0,quiet
1041,1734597941616519936,1734597941841537792,False,6.0,quiet
1042,1734597941904518912,1734597943289643776,False,6.0,quiet
1043,1734597943344472832,1734597943745457920,False,6.0,quiet
1044,1734597943784521984,1734597944229516800,False,6.0,quiet
1045,1734597944296483072,1734597944745497856,False,6.0,quiet
1046,1734597944796499968,1734597945261495808,False,6.0,quiet
1047,1734597945304542976,1734597946833515776,False,6.0,quiet
1048,1734597946860504832,1734597947061493760,False,6.0,quiet
1049,1734597947084599040,1734597947849483776,False,6.0,quiet
1050,1734597947880523008,1734597948125623808,False,6.0,quiet
1051,1734597948160510976,1734597949477481984,False,6.0,quiet
1052,1734597949516642048,1734597949933577984,False,6.0,quiet
1053,1734597949984512000,1734597950385609984,False,6.0,quiet
1054,1734597950424567040,1734597950849553920,False,6.0,quiet
1055,1734597950905210880,1734597952181627904,False,6.0,quiet
1056,1734597952240578048,1734597952633501952,False,6.0,quiet
1057,1734597952660581888,1734597952973491968,False,6.0,quiet
1058,1734597953144577024,1734597954185615872,False,6.0,quiet
1059,1734597954332514048,1734597954833591808,False,6.0,quiet
1060,1734597954864485888,1734597955269510912,False,6.0,quiet
1061,1734597955312825856,1734597955485499904,False,6.0,quiet
1062,1734597955536508928,1734597955997553920,False,6.0,quiet
1063,1734597956168610048,1734597957753681920,False,6.0,quiet
1064,1734597957792551936,1734597958173510912,False,6.0,quiet
1065,1734597958212491008,1734597958609511936,False,6.0,quiet
1119,1734597986160480000,1734597986773479936,False,7.0,noisy
1120,1734597986992536832,1734597987137506816,False,7.0,noisy
1121,1734597987176515072,1734597987853483776,False,7.0,noisy
1122,1734597987992527872,1734597988649559808,False,7.0,noisy
1123,1734597988696489984,1734597988945508864,False,7.0,noisy
1124,1734597988968544000,1734597989337504000,False,7.0,noisy
1125,1734597989520547072,1734597990181869824,False,7.0,noisy
1126,1734597990216572928,1734597990521495808,False,7.0,noisy
1127,1734597990556464896,1734597990781547008,False,7.0,noisy
1128,1734597990812557824,1734597991157495808,False,7.0,noisy
1129,1734597991204526848,1734597991594257920,False,7.0,noisy
1130,1734597991772546048,1734597991874579968,False,7.0,noisy
1131,1734597991912500992,1734597992029498880,False,7.0,noisy
1132,1734597992072557056,1734597992253485824,False,7.0,noisy
1133,1734597992284628992,1734597992529498880,False,7.0,noisy
1134,1734597992568541952,1734597993265510912,False,7.0,noisy
1135,1734597993496775936,1734597995393524992,False,7.0,noisy
1136,1734597995624504832,1734597996725577984,False,7.0,noisy
1137,1734597996768616960,1734597996949493760,False,7.0,noisy
1138,1734597996976488960,1734597998097500928,False,7.0,noisy
1139,1734597998320486912,1734597999985497856,False,7.0,noisy
1140,1734598000008803840,1734598002249492992,False,7.0,noisy
1141,1734598002284527872,1734598003013515008,False,7.0,noisy
1142,1734598003072504064,1734598004857608960,False,7.0,noisy
1143,1734598004900508928,1734598005029480960,False,7.0,noisy
1144,1734598005064561920,1734598005197496832,False,7.0,noisy
1145,1734598005224499968,1734598005797493760,False,7.0,noisy
1146,1734598005868685824,1734598007285593856,False,7.0,noisy
1147,1734598007444509952,1734598008565568000,False,7.0,noisy
1148,1734598008724523008,1734598012025479936,False,7.0,noisy
1149,1734598012084605952,1734598012349658880,False,7.0,noisy
1150,1734598012400615936,1734598013057528832,False,7.0,noisy
1151,1734598013220489984,1734598013421474816,False,7.0,noisy
1152,1734598013452527872,1734598013585646848,False,7.0,noisy
1153,1734598013616605952,1734598014053515776,False,7.0,noisy
1154,1734598014084508928,1734598014725484800,False,7.0,noisy
1155,1734598014844494848,1734598015413490944,False,7.0,noisy
1156,1734598015600667904,1734598016125515776,False,7.0,noisy
1157,1734598016172741888,1734598016369579776,False,7.0,noisy
1158,1734598016400483072,1734598016797669888,False,7.0,noisy
1159,1734598016829515008,1734598019613566976,False,7.0,noisy
1160,1734598019800474880,1734598020545539840,False,7.0,noisy
1161,1734598020568556032,1734598021669561856,False,7.0,noisy
1162,1734598021696515840,1734598025921505792,False,7.0,noisy
1163,1734598025948559872,1734598026165487872,False,7.0,noisy
1164,1734598026200488960,1734598026465493760,False,7.0,noisy
1165,1734598026512500992,1734598027249486848,True,7.0,noisy
1166,1734598027296489984,1734598027797477888,False,7.0,noisy
1167,1734598027820518912,1734598028705487872,False,7.0,noisy
1168,1734598028840643840,1734598030233511936,False,7.0,noisy
1169,1734598030252515840,1734598033017607936,False,7.0,noisy
1170,1734598033036510976,1734598033261616896,False,7.0,noisy
1171,1734598033308601856,1734598033865719808,False,7.0,noisy
1172,1734598034012614912,1734598035021515776,False,7.0,noisy
1173,1734598035060585984,1734598035877539840,False,7.0,noisy
1174,1734598036092482048,1734598038821585920,False,7.0,noisy
1175,1734598038876603904,1734598039305477888,False,7.0,noisy
1176,1734598039500498944,1734598040509562880,False,7.0,noisy
1177,1734598040712570880,1734598040937566976,False,7.0,noisy
1178,1734598040976493056,1734598041757506816,False,7.0,noisy
1179,1734598041960471040,1734598042389538816,True,7.0,noisy
1180,1734598042628535040,1734598043205496832,False,7.0,noisy
1181,1734598043244497920,1734598043801497856,False,7.0,noisy
1182,1734598043988758016,1734598044333474816,False,7.0,noisy
1183,1734598044384744960,1734598044641675008,False,7.0,noisy
1184,1734598044904498944,1734598045041518848,False,7.0,noisy
1185,1734598045092494848,1734598045373566976,False,7.0,noisy
1186,1734598045404494848,1734598045805494784,False,7.0,noisy
1187,1734598046024483840,1734598046749529856,False,7.0,noisy
1188,1734598046776564992,1734598047045496832,False,7.0,noisy
1189,1734598047076505856,1734598047385508864,False,7.0,noisy
1190,1734598047420472832,1734598047765486848,False,7.0,noisy
1191,1734598047796599040,1734598048113495808,False,7.0,noisy
1192,1734598048164515072,1734598048781538816,False,7.0,noisy
1193,1734598048940484864,1734598050145474816,False,7.0,noisy
1194,1734598050424676864,1734598050921824768,False,7.0,noisy
1195,1734598050944515840,1734598051141531904,False,7.0,noisy
1196,1734598051460636928,1734598051618226944,False,7.0,noisy
1197,1734598051800637952,1734598052369520896,False,7.0,noisy
1198,1734598052432483840,1734598052797468928,False,7.0,noisy
1199,1734598053004476928,1734598053925687808,False,7.0,noisy
1200,1734598054168819968,1734598054257502976,False,7.0,noisy
1201,1734598054284488960,1734598054977504000,False,7.0,noisy
1202,1734598055172508928,1734598055937490944,False,7.0,noisy
1203,1734598055976504832,1734598056201493760,False,7.0,noisy
1204,1734598056416508928,1734598056673731840,False,7.0,noisy
1205,1734598056708815872,1734598057389625856,False,7.0,noisy
1206,1734598057408647936,1734598059513566976,False,7.0,noisy
1207,1734598059752493056,1734598060181510912,False,7.0,noisy
1208,1734598060204519936,1734598060609632768,False,7.0,noisy
1209,1734598060644611072,1734598062557504000,False,7.0,noisy
1210,1734598062596605952,1734598063837643776,False,7.0,noisy
1211,1734598063984471040,1734598064777516800,False,7.0,noisy
1212,1734598064812488960,1734598065493530880,False,7.0,noisy
1213,1734598065528503040,1734598066878291968,False,7.0,noisy
1214,1734598067080493824,1734598067557590784,False,7.0,noisy
1215,1734598067616488960,1734598069193498880,False,7.0,noisy
1216,1734598069380609024,1734598070061806848,False,7.0,noisy
1217,1734598070096834048,1734598070349506816,False,7.0,noisy
1218,1734598070416482048,1734598071161518848,False,7.0,noisy
1219,1734598071216493056,1734598071853493760,False,7.0,noisy
1220,1734598072084535040,1734598072177776896,False,7.0,noisy
1221,1734598072240519936,1734598072681606912,False,7.0,noisy
1222,1734598072728547840,1734598073997542912,False,7.0,noisy
1223,1734598074176504064,1734598074885478912,False,7.0,noisy
1224,1734598074920495872,1734598075805669888,False,7.0,noisy
1225,1734598075972556032,1734598076145483008,False,7.0,noisy
1226,1734598076180472832,1734598076385547776,False,7.0,noisy
1227,1734598076424551936,1734598076905574912,False,7.0,noisy
1228,1734598076948515840,1734598079493600768,False,7.0,noisy
1229,1734598079516561920,1734598079857500928,False,7.0,noisy
1230,1734598079892514048,1734598080157516800,False,7.0,noisy
1231,1734598080188623872,1734598080405525760,False,7.0,noisy
1232,1734598080576486912,1734598081349484800,False,7.0,noisy
1233,1734598081392557056,1734598081805525760,False,7.0,noisy
1234,1734598081856475904,1734598082197647872,False,7.0,noisy
1235,1734598082220530944,1734598083793573888,False,7.0,noisy
1236,1734598083832497920,1734598084261477888,False,7.0,noisy
1237,1734598084304856064,1734598085205604864,False,7.0,noisy
1238,1734598085236877824,1734598085697560832,False,7.0,noisy
1239,1734598085736485888,1734598086065556992,False,7.0,noisy
1240,1734598086100603904,1734598086465636864,False,7.0,noisy
1241,1734598086496750848,1734598087053574912,False,7.0,noisy
1242,1734598087184572928,1734598088045539840,False,7.0,noisy
1346,1734598128568576000,1734598128841479936,False,8.0,quiet
1347,1734598128892499968,1734598129217508864,False,8.0,quiet
1348,1734598129256611840,1734598129725479936,False,8.0,quiet
1349,1734598129760514048,1734598130569469952,False,8.0,quiet
1350,1734598130624526848,1734598130829464832,False,8.0,quiet
1351,1734598130856485888,1734598131109543936,False,8.0,quiet
1352,1734598131152603904,1734598131877530880,False,8.0,quiet
1353,1734598131928496896,1734598132401581824,False,8.0,quiet
1354,1734598132440476928,1734598132838159872,False,8.0,quiet
1355,1734598132876665856,1734598133221470976,False,8.0,quiet
1356,1734598133260472832,1734598134141714944,False,8.0,quiet
1357,1734598134164547840,1734598135069638912,False,8.0,quiet
1358,1734598135120508928,1734598136557492992,False,8.0,quiet
1359,1734598136596568832,1734598137273613824,False,8.0,quiet
1360,1734598137312537856,1734598138353621760,False,8.0,quiet
1361,1734598138424499968,1734598140197489920,False,8.0,quiet
1362,1734598140396530944,1734598140593500928,False,8.0,quiet
1363,1734598140624466944,1734598140801636864,False,8.0,quiet
1364,1734598140836494848,1734598141273680896,False,8.0,quiet
1365,1734598141300592896,1734598141565506816,False,8.0,quiet
1366,1734598141604615936,1734598142577554944,False,8.0,quiet
1367,1734598142616506880,1734598143237526784,False,8.0,quiet
1368,1734598143448791040,1734598143777518848,False,8.0,quiet
1369,1734598143808516864,1734598144093574912,False,8.0,quiet
1370,1734598144112493824,1734598144693497856,False,8.0,quiet
1371,1734598144744573952,1734598145325485824,False,8.0,quiet
1372,1734598145368940032,1734598146181517824,False,8.0,quiet
1373,1734598146341447936,1734598147141638912,False,8.0,quiet
1374,1734598147180556032,1734598148353515776,False,8.0,quiet
1375,1734598148384467968,1734598148581496832,False,8.0,quiet
1376,1734598148612835072,1734598149317584896,False,8.0,quiet
1377,1734598149416495872,1734598155777633792,False,8.0,quiet
1378,1734598155812495872,1734598156061604864,False,8.0,quiet
1379,1734598156236783872,1734598156725489920,False,8.0,quiet
1380,1734598156752497920,1734598156889978880,False,8.0,quiet
1381,1734598156932529920,1734598157233589760,False,8.0,quiet
1382,1734598157268667904,1734598158365484800,False,8.0,quiet
1383,1734598158392500992,1734598158657492992,False,8.0,quiet
1384,1734598158716483840,1734598159017484800,False,8.0,quiet
1385,1734598159056579072,1734598159337549824,False,8.0,quiet
1386,1734598159380608000,1734598160245476864,False,8.0,quiet
1387,1734598160360487936,1734598161329568000,False,8.0,quiet
1388,1734598161376616960,1734598161545462784,False,8.0,quiet
1389,1734598161588606976,1734598162941526784,False,8.0,quiet
1390,1734598162988786944,1734598164097483008,False,8.0,quiet
1391,1734598164152503040,1734598164574443776,False,8.0,quiet
1392,1734598164604486912,1734598164809493760,False,8.0,quiet
1393,1734598164848566016,1734598165081505792,False,8.0,quiet
1394,1734598165108864000,1734598165289534976,False,8.0,quiet
1395,1734598165320481024,1734598165505492992,False,8.0,quiet
1396,1734598165536482048,1734598165865669888,False,8.0,quiet
1397,1734598166020482048,1734598166281508864,False,8.0,quiet
1398,1734598166316507904,1734598166941485824,False,8.0,quiet
1399,1734598166968672000,1734598167417511936,False,8.0,quiet
1400,1734598167624603904,1734598167833542912,False,8.0,quiet
1401,1734598167852555008,1734598168205616896,False,8.0,quiet
1402,1734598168252534016,1734598169061781760,False,8.0,quiet
1403,1734598169104509952,1734598169549580800,False,8.0,quiet
1404,1734598169584530944,1734598170525593856,False,8.0,quiet
1405,1734598170680515072,1734598171241501952,False,8.0,quiet
1406,1734598171276476928,1734598172661555968,False,8.0,quiet
1407,1734598172688555008,1734598174441507840,False,8.0,quiet
1408,1734598174600568832,1734598180313730816,False,8.0,quiet
1409,1734598180360603904,1734598191417626880,False,8.0,quiet
1410,1734598191472492032,1734598194993525760,False,8.0,quiet
1411,1734598195192526848,1734598196481657856,False,8.0,quiet
1412,1734598196536496896,1734598197313560832,False,8.0,quiet
1413,1734598197332509952,1734598199045517824,False,8.0,quiet
1414,1734598199268495872,1734598199937452800,False,8.0,quiet
1415,1734598199992632832,1734598201177554944,False,8.0,quiet
1416,1734598201376525824,1734598202893597952,False,8.0,quiet
1417,1734598203076513024,1734598203389550848,False,8.0,quiet
1418,1734598203408536064,1734598204717538816,False,8.0,quiet
1419,1734598204748542976,1734598205577500928,False,8.0,quiet
1420,1734598205776563968,1734598206249661952,False,8.0,quiet
1421,1734598206284558848,1734598206485509888,False,8.0,quiet
1422,1734598206520464896,1734598206745510912,False,8.0,quiet
1423,1734598206780626944,1734598207201469952,False,8.0,quiet
1424,1734598207228587008,1734598207474777856,False,8.0,quiet
1425,1734598207509125888,1734598208021598976,False,8.0,quiet
1426,1734598208244614912,1734598209529617920,False,8.0,quiet
1427,1734598209564508928,1734598209749558784,True,8.0,quiet
1428,1734598209776502016,1734598210093565952,False,8.0,quiet
1429,1734598210128741888,1734598210909597952,False,8.0,quiet
1430,1734598210944491008,1734598211901481984,False,8.0,quiet
1431,1734598211940609024,1734598212525518848,False,8.0,quiet
1432,1734598212700536832,1734598213557469952,False,8.0,quiet
1433,1734598213584608000,1734598214113519872,False,8.0,quiet
1434,1734598214352670976,1734598215009520896,True,8.0,quiet
1435,1734598215272743936,1734598215405525760,False,8.0,quiet
1436,1734598215444485888,1734598215625495808,False,8.0,quiet
1437,1734598215660496896,1734598215905570816,False,8.0,quiet
1438,1734598215940513024,1734598216605506816,False,8.0,quiet
1439,1734598216648520960,1734598217117544960,False,8.0,quiet
1440,1734598217156535040,1734598218134684928,False,8.0,quiet
1441,1734598218172505856,1734598218765483776,False,8.0,quiet
1442,1734598218816486912,1734598219489505792,False,8.0,quiet
1443,1734598219692547072,1734598219941479936,False,8.0,quiet
1444,1734598219988517888,1734598220265542912,False,8.0,quiet
1445,1734598220300796928,1734598220941742848,False,8.0,quiet
1446,1734598220984525056,1734598221453476864,False,8.0,quiet
1447,1734598221489368832,1734598222549493760,False,8.0,quiet
1448,1734598222584521984,1734598223145494784,False,8.0,quiet
1449,1734598223172506880,1734598223633516800,False,8.0,quiet
1450,1734598223669513984,1734598223945504000,False,8.0,quiet
1451,1734598223988493056,1734598224657474816,False,8.0,quiet
1452,1734598224704759040,1734598225073646848,False,8.0,quiet
1501,1734598250848515072,1734598251137581824,False,9.0,noisy
1502,1734598251164499968,1734598251885561856,False,9.0,noisy
1503,1734598251932506880,1734598252337604864,False,9.0,noisy
1504,1734598252520510976,1734598253173489920,False,9.0,noisy
1505,1734598253228546048,1734598253361632768,False,9.0,noisy
1506,1734598253384550912,1734598253489601792,False,9.0,noisy
1507,1734598253536581888,1734598253865545984,False,9.0,noisy
1508,1734598253900840960,1734598254585643776,False,9.0,noisy
1509,1734598254616532992,1734598254917505792,False,9.0,noisy
1510,1734598254944477952,1734598255177831936,False,9.0,noisy
1511,1734598255208784896,1734598255657580800,False,9.0,noisy
1512,1734598255764585984,1734598255933528832,False,9.0,noisy
1513,1734598255960504832,1734598256865668864,False,9.0,noisy
1514,1734598256900464896,1734598257089522944,False,9.0,noisy
1515,1734598257124506880,1734598257457594880,False,9.0,noisy
1516,1734598257476493824,1734598257661583872,False,9.0,noisy
1517,1734598257692553984,1734598257957522944,False,9.0,noisy
1518,1734598257992535040,1734598258165484800,False,9.0,noisy
1519,1734598258208460032,1734598258637596928,False,9.0,noisy
1520,1734598258668491008,1734598259001664768,False,9.0,noisy
1521,1734598259044520960,1734598259333629952,False,9.0,noisy
1522,1734598259356514048,1734598259593601792,False,9.0,noisy
1523,1734598259744508928,1734598260741525760,False,9.0,noisy
1524,1734598260784506880,1734598261341515008,False,9.0,noisy
1525,1734598261500712960,1734598261697483776,False,9.0,noisy
1526,1734598261732567040,1734598262085659904,False,9.0,noisy
1527,1734598262120529920,1734598262357639936,False,9.0,noisy
1528,1734598262388573952,1734598262777651968,False,9.0,noisy
1529,1734598262804563968,1734598263373626880,False,9.0,noisy
1530,1734598263552515840,1734598275433664768,False,9.0,noisy
1531,1734598275560496896,1734598283214403840,False,9.0,noisy
1532,1734598283332493824,1734598287713585920,False,9.0,noisy
1533,1734598287776461824,1734598288497497856,False,9.0,noisy
1534,1734598288544644864,1734598290306287872,False,9.0,noisy
1535,1734598290440564992,1734598290973515776,False,9.0,noisy
1536,1734598291008803840,1734598291141520896,False,9.0,noisy
1537,1734598291164555008,1734598291485489920,False,9.0,noisy
1538,1734598291524527872,1734598291721501952,False,9.0,noisy
1539,1734598291748609024,1734598292017603840,False,9.0,noisy
1540,1734598292040482048,1734598292137492992,False,9.0,noisy
1541,1734598292292567040,1734598292401490944,False,9.0,noisy
1542,1734598292464556032,1734598292945498880,False,9.0,noisy
1543,1734598292980900864,1734598293377595904,False,9.0,noisy
1544,1734598293404584960,1734598293649585920,False,9.0,noisy
1545,1734598293692497920,1734598294793773824,False,9.0,noisy
1546,1734598294840596992,1734598295545491968,False,9.0,noisy
1547,1734598295720608000,1734598296205581824,False,9.0,noisy
1548,1734598296244494848,1734598296633632000,False,9.0,noisy
1549,1734598296652590848,1734598297277595904,False,9.0,noisy
1550,1734598297324480000,1734598297581527808,False,9.0,noisy
1551,1734598297628571904,1734598299665504000,False,9.0,noisy
1552,1734598299836590848,1734598300477647872,False,9.0,noisy
1553,1734598300520494848,1734598300737556992,False,9.0,noisy
1554,1734598300777006848,1734598301013592832,False,9.0,noisy
1555,1734598301036518912,1734598301517499904,False,9.0,noisy
1556,1734598301572564992,1734598301701504000,False,9.0,noisy
1557,1734598301736483072,1734598302245595904,False,9.0,noisy
1558,1734598302400528896,1734598302533515776,False,9.0,noisy
1559,1734598302564513024,1734598302941557760,False,9.0,noisy
1560,1734598302964562944,1734598303389506816,False,9.0,noisy
1561,1734598303416491008,1734598303725492992,False,9.0,noisy
1562,1734598303936541952,1734598304337508864,False,9.0,noisy
1563,1734598304388673024,1734598305973510912,False,9.0,noisy
1564,1734598306152492032,1734598306681472000,False,9.0,noisy
1565,1734598306716499968,1734598307217561856,False,9.0,noisy
1566,1734598307256519936,1734598307489498880,False,9.0,noisy
1567,1734598307536484864,1734598308141614848,False,9.0,noisy
1568,1734598308320505856,1734598308857469952,False,9.0,noisy
1569,1734598308909097984,1734598309553502976,False,9.0,noisy
1570,1734598309604483072,1734598310113952768,False,9.0,noisy
1571,1734598310144509952,1734598310929771008,False,9.0,noisy
1572,1734598310949849856,1734598311265509888,False,9.0,noisy
1573,1734598311296568832,1734598312341488896,False,9.0,noisy
1574,1734598312380466944,1734598313189496832,False,9.0,noisy
1575,1734598313236569856,1734598313557517824,False,9.0,noisy
1576,1734598313600494848,1734598313869498880,False,9.0,noisy
1577,1734598313912508928,1734598314369564928,False,9.0,noisy
1578,1734598314400520960,1734598314549488896,False,9.0,noisy
1579,1734598314580477952,1734598314793543936,False,9.0,noisy
1580,1734598314824508928,1734598315025499904,False,9.0,noisy
1581,1734598315076492032,1734598315261520896,False,9.0,noisy
1582,1734598315296465920,1734598316961525760,False,9.0,noisy
1583,1734598317009484032,1734598318629474816,False,9.0,noisy
1584,1734598318664498944,1734598318965510912,False,9.0,noisy
1585,1734598319104604928,1734598319317492992,False,9.0,noisy
1586,1734598319356504064,1734598320581497856,False,9.0,noisy
1587,1734598320612500992,1734598321177516800,False,9.0,noisy
1588,1734598321212496896,1734598321434022912,False,9.0,noisy
1589,1734598321468947968,1734598321895115776,False,9.0,noisy
1590,1734598321928567040,1734598322161527808,False,9.0,noisy
1591,1734598322180765952,1734598322361536768,False,9.0,noisy
1592,1734598322416667904,1734598322565504768,False,9.0,noisy
1593,1734598322592518912,1734598324157495808,False,9.0,noisy
1594,1734598324196535040,1734598324457506816,False,9.0,noisy
1595,1734598324492503040,1734598326385468928,False,9.0,noisy
1596,1734598326420494848,1734598327105565952,False,9.0,noisy
1597,1734598327144483072,1734598328813509888,False,9.0,noisy
1598,1734598328860523008,1734598334001582848,False,9.0,noisy
1599,1734598334044494848,1734598334405605888,False,9.0,noisy
1600,1734598334436555008,1734598334809499904,False,9.0,noisy
1601,1734598334856503040,1734598335013510912,False,9.0,noisy
1602,1734598335040542976,1734598335357526784,False,9.0,noisy
1603,1734598335508576000,1734598336353613824,False,9.0,noisy
1604,1734598336384512000,1734598336737490944,False,9.0,noisy
1605,1734598336904652032,1734598337641585920,False,9.0,noisy
1606,1734598337784487936,1734598343217624832,False,9.0,noisy
1607,1734598343384470016,1734598351421495808,False,9.0,noisy
1608,1734598351552589824,1734598352293562880,False,9.0,noisy
1609,1734598352344573952,1734598352561506816,False,9.0,noisy
1610,1734598352588675072,1734598354797677824,False,9.0,noisy
1678,1734598382740552960,1734598383133504000,False,10.0,quiet
1679,1734598383176505856,1734598383325547776,False,10.0,quiet
1680,1734598383364563968,1734598388305795840,False,10.0,quiet
1681,1734598388408530944,1734598390781527808,False,10.0,quiet
1682,1734598390816561920,1734598390961520896,False,10.0,quiet
1683,1734598390988584960,1734598391129501952,False,10.0,quiet
1684,1734598391148542976,1734598391401500928,False,10.0,quiet
1685,1734598391440670976,1734598392149581824,False,10.0,quiet
1686,1734598392180632064,1734598396701595904,False,10.0,quiet
1687,1734598396796509952,1734598398949505792,False,10.0,quiet
1688,1734598398988500992,1734598401797636864,False,10.0,quiet
1689,1734598401832514048,1734598402501511936,False,10.0,quiet
1690,1734598402696611072,1734598408261585920,False,10.0,quiet
1691,1734598408384494848,1734598408981528832,False,10.0,quiet
1692,1734598409012493824,1734598409633507840,False,10.0,quiet
1693,1734598409660487936,1734598409949541888,False,10.0,quiet
1694,1734598409996520960,1734598410301593856,False,10.0,quiet
1695,1734598410340505856,1734598410917511936,False,10.0,quiet
1696,1734598411060687872,1734598412377664000,False,10.0,quiet
1697,1734598412404536832,1734598413793573888,False,10.0,quiet
1698,1734598413836470016,1734598414581481984,False,10.0,quiet
1699,1734598414620516864,1734598414837583872,False,10.0,quiet
1700,1734598414860529920,1734598415057524992,False,10.0,quiet
1701,1734598415076515072,1734598415401533952,False,10.0,quiet
1702,1734598415556556032,1734598416657563904,False,10.0,quiet
1703,1734598416692508928,1734598422877486848,False,10.0,quiet
1704,1734598422908477952,1734598425041673984,False,10.0,quiet
1705,1734598425244591872,1734598426545511936,True,10.0,quiet
1706,1734598426588537856,1734598427277510912,False,10.0,quiet
1707,1734598427304523008,1734598427689486848,False,10.0,quiet
1708,1734598427716524032,1734598428097608960,False,10.0,quiet
1709,1734598428132515072,1734598428525481984,False,10.0,quiet
1710,1734598428544614912,1734598428789637888,False,10.0,quiet
1711,1734598428828588032,1734598429149639936,False,10.0,quiet
1712,1734598429320498944,1734598429553649920,False,10.0,quiet
1713,1734598429576500992,1734598429781474816,False,10.0,quiet
1714,1734598429836524032,1734598430741548800,False,10.0,quiet
1715,1734598430792504064,1734598431577489920,False,10.0,quiet
1716,1734598431820617984,1734598434285497856,False,10.0,quiet
1717,1734598434340600064,1734598434917660928,True,10.0,quiet
1718,1734598434952506880,1734598435693562880,False,10.0,quiet
1719,1734598435744527872,1734598438205533952,False,10.0,quiet
1720,1734598438240527872,1734598438525509888,False,10.0,quiet
1721,1734598438580731904,1734598440505551872,False,10.0,quiet
1722,1734598440548534016,1734598440825657856,False,10.0,quiet
1723,1734598440856616960,1734598443953783808,False,10.0,quiet
1724,1734598444000555008,1734598444162019840,False,10.0,quiet
1725,1734598444184499968,1734598444685564928,False,10.0,quiet
1726,1734598444716513024,1734598445205655808,False,10.0,quiet
1727,1734598445240504064,1734598445513562880,False,10.0,quiet
1728,1734598445548513024,1734598445805734912,False,10.0,quiet
1729,1734598445840814848,1734598446081492992,False,10.0,quiet
1730,1734598446180744960,1734598446437564928,False,10.0,quiet
1731,1734598446464664832,1734598446701491968,False,10.0,quiet
1732,1734598446764507904,1734598448433479936,False,10.0,quiet
1733,1734598448604536832,1734598451781547776,False,10.0,quiet
1734,1734598451836505856,1734598452421568000,False,10.0,quiet
1735,1734598452452560896,1734598452805750784,False,10.0,quiet
1736,1734598452840754944,1734598453221474816,False,10.0,quiet
1737,1734598453328480000,1734598453765499904,False,10.0,quiet
1738,1734598453804508928,1734598454037564928,False,10.0,quiet
1739,1734598454084537856,1734598456665582848,False,10.0,quiet
1740,1734598456888621824,1734598457601564928,False,10.0,quiet
1741,1734598457632594944,1734598458093583872,False,10.0,quiet
1742,1734598458136675072,1734598458333504768,False,10.0,quiet
1743,1734598458368620032,1734598460177490944,False,10.0,quiet
1744,1734598460236515840,1734598460469574912,False,10.0,quiet
1745,1734598460496502016,1734598461821655808,False,10.0,quiet
1746,1734598461856506880,1734598462257530880,False,10.0,quiet
1747,1734598462312515072,1734598466829558784,False,10.0,quiet
1748,1734598466877026048,1734598467041529856,False,10.0,quiet
1749,1734598467076507904,1734598467353560832,False,10.0,quiet
1750,1734598467388576000,1734598467577550848,False,10.0,quiet
1751,1734598467624488960,1734598468441572864,False,10.0,quiet
1752,1734598468628739840,1734598468925557760,False,10.0,quiet
1753,1734598468980524032,1734598469173508864,False,10.0,quiet
1754,1734598469204551936,1734598469837500928,False,10.0,quiet
1755,1734598469864568064,1734598470585632000,False,10.0,quiet
1756,1734598470740492032,1734598471065510912,False,10.0,quiet
1757,1734598471104493056,1734598471245478912,False,10.0,quiet
1758,1734598471280507904,1734598472625479936,False,10.0,quiet
1759,1734598472680486912,1734598472905577984,False,10.0,quiet
1760,1734598472932487936,1734598473321571840,False,10.0,quiet
1761,1734598473372508928,1734598474761495808,False,10.0,quiet
1762,1734598474888676864,1734598475509504768,False,10.0,quiet
1763,1734598475656546048,1734598476017504000,False,10.0,quiet
1764,1734598476036657920,1734598476265608960,False,10.0,quiet
1765,1734598476312473856,1734598479069821952,False,10.0,quiet
1766,1734598479220572928,1734598479465568000,False,10.0,quiet
1767,1734598479484546048,1734598479837555968,False,10.0,quiet
1768,1734598480020779008,1734598480413497856,False,10.0,quiet
1769,1734598480460519936,1734598481301557760,False,10.0,quiet
1770,1734598481348686848,1734598481977608960,False,10.0,quiet
1854,1734598511728632832,1734598511937528832,False,11.0,noisy
1855,1734598511980481024,1734598512145569792,False,11.0,noisy
1856,1734598512172493056,1734598512565495808,False,11.0,noisy
1857,1734598512604464896,1734598512829574912,False,11.0,noisy
1858,1734598513008509952,1734598513865530880,False,11.0,noisy
1859,1734598513920503040,1734598514157511936,False,11.0,noisy
1860,1734598514188516864,1734598516009504000,False,11.0,noisy
1861,1734598516144676864,1734598516509502976,False,11.0,noisy
1862,1734598516564667904,1734598516889665792,False,11.0,noisy
1863,1734598517084499968,1734598517485688832,False,11.0,noisy
1864,1734598517540643840,1734598518157622784,False,11.0,noisy
1865,1734598518428931072,1734598518973507840,False,11.0,noisy
1866,1734598519024491008,1734598519473490944,False,11.0,noisy
1867,1734598519504552960,1734598519993621760,False,11.0,noisy
1868,1734598520044528896,1734598523613584896,False,11.0,noisy
1869,1734598523804535040,1734598523949507840,False,11.0,noisy
1870,1734598523980535040,1734598524221510912,False,11.0,noisy
1871,1734598524268739840,1734598525601801984,False,11.0,noisy
1872,1734598525656627968,1734598526337562880,False,11.0,noisy
1873,1734598526368605952,1734598526753541888,False,11.0,noisy
1874,1734598526896795904,1734598527217504000,False,11.0,noisy
1875,1734598527260508928,1734598527677507840,False,11.0,noisy
1876,1734598527712526848,1734598527865491968,False,11.0,noisy
1877,1734598527896500992,1734598528949495808,False,11.0,noisy
1878,1734598528984538880,1734598529401526784,False,11.0,noisy
1879,1734598529456751872,1734598531493537792,False,11.0,noisy
1880,1734598531552494848,1734598531961550848,False,11.0,noisy
1881,1734598532008577024,1734598532501520896,False,11.0,noisy
1882,1734598532652539904,1734598534717526784,False,11.0,noisy
1883,1734598534940616960,1734598536013532928,False,11.0,noisy
1884,1734598536076613888,1734598536421527808,False,11.0,noisy
1885,1734598536580497920,1734598536901477888,False,11.0,noisy
1886,1734598536968504832,1734598539029563904,False,11.0,noisy
1887,1734598539172510976,1734598540285617920,False,11.0,noisy
1888,1734598540452492032,1734598541937586944,False,11.0,noisy
1889,1734598542164551936,1734598543017614848,False,11.0,noisy
1890,1734598543208507904,1734598544801491968,False,11.0,noisy
1891,1734598544840515072,1734598545141579776,False,11.0,noisy
1892,1734598545176510976,1734598545581527808,False,11.0,noisy
1893,1734598545624491008,1734598545857532928,False,11.0,noisy
1894,1734598545912548864,1734598547101587968,False,11.0,noisy
1895,1734598547145018880,1734598547261656832,False,11.0,noisy
1896,1734598547296509952,1734598547561469952,False,11.0,noisy
1897,1734598547604918016,1734598547889550848,False,11.0,noisy
1898,1734598547924567040,1734598548477640960,False,11.0,noisy
1899,1734598548516766976,1734598549178519808,False,11.0,noisy
1900,1734598549212541952,1734598549401472000,False,11.0,noisy
1901,1734598549432539904,1734598549777521920,False,11.0,noisy
1902,1734598549804775936,1734598550025655808,False,11.0,noisy
1903,1734598550068621824,1734598550253641984,False,11.0,noisy
1904,1734598550280521984,1734598550993720832,False,11.0,noisy
1905,1734598551036621824,1734598552097489920,False,11.0,noisy
1906,1734598552144498944,1734598553857501952,False,11.0,noisy
1907,1734598553904500992,1734598554105484800,False,11.0,noisy
1908,1734598554300660992,1734598555153638912,False,11.0,noisy
1909,1734598555204806912,1734598556977581824,False,11.0,noisy
1910,1734598557024514048,1734598558681536768,False,11.0,noisy
1911,1734598558728645888,1734598560397525760,False,11.0,noisy
1912,1734598560440668928,1734598560721474816,False,11.0,noisy
1913,1734598560764504064,1734598562505468928,False,11.0,noisy
1914,1734598562704498944,1734598565101498880,False,11.0,noisy
1915,1734598565156601856,1734598565393505792,False,11.0,noisy
1916,1734598565432632064,1734598565717498880,False,11.0,noisy
1917,1734598565772528896,1734598565853489920,False,11.0,noisy
1918,1734598565940488960,1734598566529515776,False,11.0,noisy
1919,1734598566580482048,1734598567109600768,False,11.0,noisy
1920,1734598567144513024,1734598567481534976,False,11.0,noisy
1921,1734598567516667904,1734598568081658880,False,11.0,noisy
1922,1734598568240495872,1734598568501511936,True,11.0,noisy
1923,1734598568684518912,1734598572097490944,False,11.0,noisy
1924,1734598572284481024,1734598573313553920,False,11.0,noisy
1925,1734598573332589824,1734598573625527808,False,11.0,noisy
1926,1734598573648611840,1734598575066113792,False,11.0,noisy
1927,1734598575112539904,1734598575333561856,False,11.0,noisy
1928,1734598575360635904,1734598578109498880,False,11.0,noisy
1929,1734598578284590848,1734598579681507840,False,11.0,noisy
1930,1734598579732489984,1734598581133627904,False,11.0,noisy
1931,1734598581188605952,1734598584301495808,False,11.0,noisy
1932,1734598584352502016,1734598585833947904,False,11.0,noisy
1933,1734598585972519936,1734598587001495808,False,11.0,noisy
1934,1734598587052557056,1734598587373536768,False,11.0,noisy
1935,1734598587400493824,1734598587681498880,False,11.0,noisy
1936,1734598587716497920,1734598588017547776,False,11.0,noisy
1937,1734598588056502016,1734598588873487872,False,11.0,noisy
1938,1734598588964512000,1734598589121580800,False,11.0,noisy
1939,1734598589164491008,1734598590366012928,False,11.0,noisy
1940,1734598590500486912,1734598590625609984,False,11.0,noisy
1941,1734598590660507904,1734598591001611008,False,11.0,noisy
1942,1734598591036675840,1734598592525525760,False,11.0,noisy
1943,1734598592572539904,1734598594425484800,False,11.0,noisy
1944,1734598594468681984,1734598594645532928,False,11.0,noisy
1945,1734598594668556032,1734598594945532928,False,11.0,noisy
1946,1734598594976498944,1734598595253563904,False,11.0,noisy
1947,1734598595288590848,1734598595493534976,False,11.0,noisy
1948,1734598595516507904,1734598595857505792,False,11.0,noisy
1949,1734598595892489984,1734598597293534976,False,11.0,noisy
1950,1734598597328527872,1734598597521487872,False,11.0,noisy
1951,1734598597660509952,1734598598217468928,False,11.0,noisy
1952,1734598598268550912,1734598598873504000,True,11.0,noisy
1953,1734598598924467968,1734598599201614848,False,11.0,noisy
1954,1734598599364512000,1734598600105492992,False,11.0,noisy
1955,1734598600132525056,1734598600701508864,False,11.0,noisy
1956,1734598600744641024,1734598601045509888,False,11.0,noisy
1957,1734598601068717056,1734598601501498880,False,11.0,noisy
1958,1734598601536498944,1734598602297509888,False,11.0,noisy
1959,1734598602348898048,1734598603097483776,False,11.0,noisy
1960,1734598603148744960,1734598603393513984,False,11.0,noisy
1961,1734598603429081856,1734598603777611008,False,11.0,noisy
1962,1734598603824567040,1734598604209718784,False,11.0,noisy
1963,1734598604260615936,1734598606181553920,False,11.0,noisy
2009,1734598627484503040,1734598628197459968,False,12.0,quiet
2010,1734598628220515840,1734598628549485824,False,12.0,quiet
2011,1734598628600547840,1734598628741512960,False,12.0,quiet
2012,1734598628776493056,1734598628917515008,False,12.0,quiet
2013,1734598628940500992,1734598629281611008,False,12.0,quiet
2014,1734598629320489984,1734598630097507840,False,12.0,quiet
2015,1734598630144614912,1734598630505678848,False,12.0,quiet
2016,1734598630548489984,1734598630697532928,False,12.0,quiet
2017,1734598630732601856,1734598630889566976,False,12.0,quiet
2018,1734598630920591872,1734598631305538816,False,12.0,quiet
2019,1734598631344499968,1734598631553543936,False,12.0,quiet
2020,1734598631588717824,1734598631805470976,False,12.0,quiet
2021,1734598631832494848,1734598632225675776,False,12.0,quiet
2022,1734598632252555008,1734598632821750784,False,12.0,quiet
2023,1734598633072544000,1734598633701662976,False,12.0,quiet
2024,1734598633736544000,1734598633881659904,False,12.0,quiet
2025,1734598633912489984,1734598634109574912,False,12.0,quiet
2026,1734598634132820992,1734598634849476864,False,12.0,quiet
2027,1734598635048517888,1734598635293559808,False,12.0,quiet
2028,1734598635328688896,1734598636705565952,False,12.0,quiet
2029,1734598636756495872,1734598636885459968,False,12.0,quiet
2030,1734598636916493056,1734598637061526784,False,12.0,quiet
2031,1734598637096598016,1734598637321580800,False,12.0,quiet
2032,1734598637364494848,1734598637577499904,False,12.0,quiet
2033,1734598637604538880,1734598638033522944,False,12.0,quiet
2034,1734598638072590848,1734598638309495808,False,12.0,quiet
2035,1734598638352486912,1734598639606214912,False,12.0,quiet
2036,1734598639640813824,1734598640597493760,False,12.0,quiet
2037,1734598640636601856,1734598642213466880,False,12.0,quiet
2038,1734598642364560896,1734598642609782784,False,12.0,quiet
2039,1734598642640589824,1734598642905474816,False,12.0,quiet
2040,1734598643068524032,1734598643689536000,False,12.0,quiet
2041,1734598643732561920,1734598644125762816,False,12.0,quiet
2042,1734598644176576000,1734598646174074880,False,12.0,quiet
2043,1734598646232611072,1734598646413506816,False,12.0,quiet
2044,1734598646448473856,1734598646845734912,False,12.0,quiet
2045,1734598646888608000,1734598648817508864,False,12.0,quiet
2046,1734598648876510976,1734598649153517824,False,12.0,quiet
2047,1734598649360551936,1734598649673596928,False,12.0,quiet
2048,1734598649840515840,1734598650589587968,False,12.0,quiet
2049,1734598650640559872,1734598651037477888,False,12.0,quiet
2050,1734598651080463872,1734598651925587968,False,12.0,quiet
2051,1734598651956520960,1734598652474048000,False,12.0,quiet
2052,1734598652516550912,1734598653041497856,False,12.0,quiet
2053,1734598653088680960,1734598653505472000,False,12.0,quiet
2054,1734598653540530944,1734598654929485824,False,12.0,quiet
2055,1734598655080567040,1734598655513636864,False,12.0,quiet
2056,1734598655728780032,1734598656381653760,False,12.0,quiet
2057,1734598656604489984,1734598656781605888,False,12.0,quiet
2058,1734598656808495872,1734598657133573888,False,12.0,quiet
2059,1734598657172504064,1734598657245495808,False,12.0,quiet
2060,1734598657284557056,1734598657549969920,False,12.0,quiet
2061,1734598657724544000,1734598658001808896,False,12.0,quiet
2062,1734598658044513024,1734598658669491968,False,12.0,quiet
2063,1734598658712609024,1734598659561613824,False,12.0,quiet
2064,1734598659721316864,1734598660963106816,False,12.0,quiet
2065,1734598661010104064,1734598661495006976,False,12.0,quiet
2066,1734598661530120960,1734598662296086784,False,12.0,quiet
2067,1734598662335009024,1734598662596021760,False,12.0,quiet
2068,1734598662635115008,1734598663172624896,False,12.0,quiet
2069,1734598663195631872,1734598664233174784,False,12.0,quiet
2070,1734598664280205824,1734598665237870848,False,12.0,quiet
2071,1734598665284772864,1734598665613820928,False,12.0,quiet
2072,1734598665644813824,1734598665899680768,False,12.0,quiet
2073,1734598665934230016,1734598666927365888,False,12.0,quiet
2074,1734598666982249984,1734598668283245824,False,12.0,quiet
2075,1734598668334539008,1734598670855426816,False,12.0,quiet
2076,1734598671078265856,1734598671283261952,False,12.0,quiet
2077,1734598671326254848,1734598671671337984,False,12.0,quiet
2078,1734598671874240000,1734598672623211776,False,12.0,quiet
2079,1734598672858276864,1734598673431464960,False,12.0,quiet
2080,1734598673458265856,1734598673771236864,False,12.0,quiet
2081,1734598673810664960,1734598674187265792,False,12.0,quiet
2082,1734598674230247936,1734598674967254784,False,12.0,quiet
2083,1734598674998253056,1734598675231286784,False,12.0,quiet
2084,1734598675282348032,1734598675451222784,False,12.0,quiet
2085,1734598675482247936,1734598676087285760,False,12.0,quiet
2086,1734598676142290944,1734598676475255808,False,12.0,quiet
2087,1734598676622259968,1734598677839300864,False,12.0,quiet
2088,1734598677890272000,1734598678435390976,False,12.0,quiet
2089,1734598678470530048,1734598679651270912,False,12.0,quiet
2090,1734598679694263040,1734598683047477760,False,12.0,quiet
2091,1734598683246230016,1734598684755406848,False,12.0,quiet
2092,1734598684774848000,1734598685179266816,False,12.0,quiet
2093,1734598685250359040,1734598685639276800,False,12.0,quiet
2094,1734598685686255872,1734598685963243008,False,12.0,quiet
2095,1734598686006245888,1734598686427247872,False,12.0,quiet
2096,1734598686458216960,1734598686803340800,False,12.0,quiet
2097,1734598686834345984,1734598688923255808,False,12.0,quiet
2098,1734598688974813952,1734598689467268864,False,12.0,quiet
2099,1734598689510253824,1734598689863232000,False,12.0,quiet
2100,1734598689890328832,1734598692799243776,False,12.0,quiet
2101,1734598692834355968,1734598693279257856,False,12.0,quiet
2102,1734598693310339072,1734598694443375872,False,12.0,quiet
2103,1734598694474318848,1734598694631248896,False,12.0,quiet
2104,1734598694682253056,1734598694839344896,False,12.0,quiet
2105,1734598694878268928,1734598695307261952,False,12.0,quiet
2106,1734598695342216960,1734598695683265792,False,12.0,quiet
2107,1734598695822243072,1734598696075301888,False,12.0,quiet
2108,1734598696114230016,1734598696399321856,False,12.0,quiet
2109,1734598696430368000,1734598696651348992,False,12.0,quiet
2110,1734598696686254848,1734598696851275776,False,12.0,quiet
2111,1734598696910308864,1734598697595276800,False,12.0,quiet
2112,1734598697646334976,1734598700971255808,False,12.0,quiet
2113,1734598700990222848,1734598701735377920,False,12.0,quiet
2114,1734598701790234880,1734598703343291904,False,12.0,quiet
2115,1734598703394290944,1734598703639340800,False,12.0,quiet
2116,1734598703674466048,1734598704791212800,False,12.0,quiet
2117,1734598704826234880,1734598705055248896,False,12.0,quiet
2118,1734598705082519040,1734598707143661824,False,12.0,quiet
2119,1734598707362267904,1734598707563243776,False,12.0,quiet
2120,1734598707598340864,1734598709367230976,False,12.0,quiet
2121,1734598709418226944,1734598712247284992,False,12.0,quiet
2122,1734598712310257920,1734598713963234816,False,12.0,quiet
2123,1734598714014321920,1734598715111297792,False,12.0,quiet
2124,1734598715154230016,1734598715283297792,False,12.0,quiet
2125,1734598715318296832,1734598715631225856,False,12.0,quiet
2126,1734598715786246912,1734598716399256832,False,12.0,quiet
2127,1734598716450281984,1734598716863229952,False,12.0,quiet
2128,1734598717026231040,1734598719575317760,False,12.0,quiet
2129,1734598719750268928,1734598720439486976,False,12.0,quiet
2130,1734598720486311936,1734598721407356928,False,12.0,quiet
2131,1734598721546291968,1734598722463348992,False,12.0,quiet
2132,1734598722514264832,1734598724059403008,False,12.0,quiet
2133,1734598724114691840,1734598728747234816,False,12.0,quiet
2134,1734598728894283008,1734598729795257856,False,12.0,quiet
2135,1734598729842258944,1734598732187271936,False,12.0,quiet
2136,1734598732242285824,1734598732871322880,False,12.0,quiet
2137,1734598733034699008,1734598734015259904,False,12.0,quiet
2138,1734598734070319872,1734598743575322880,False,12.0,quiet
2139,1734598743630236928,1734598744115371776,False,12.0,quiet
2140,1734598744158230016,1734598744291358976,False,12.0,quiet
2141,1734598744314716928,1734598756895243776,False,12.0,quiet
2142,1734598757010251008,1734598762951375872,False,12.0,quiet
2143,1734598763146288896,1734598764019397888,False,12.0,quiet
2144,1734598764262968064,1734598767491277824,False,12.0,quiet
2145,1734598767642232064,1734598769367425792,False,12.0,quiet
2146,1734598769494222848,1734598769871233792,False,12.0,quiet
2147,1734598769926265856,1734598771019358976,False,12.0,quiet
2148,1734598771254359040,1734598771523260928,False,12.0,quiet
2149,1734598771550306048,1734598771863345920,False,12.0,quiet
2150,1734598771890274048,1734598774571245824,False,12.0,quiet
2151,1734598774606231040,1734598774923320832,False,12.0,quiet
2152,1734598774954251008,1734598775495315968,False,12.0,quiet
2153,1734598775662305024,1734598776623247872,True,12.0,quiet
2154,1734598776686230016,1734598777059288832,False,12.0,quiet
2155,1734598777110324992,1734598777491285760,False,12.0,quiet
2156,1734598777522403072,1734598778363228928,False,12.0,quiet
2157,1734598778418228992,1734598778843259904,False,12.0,quiet
2158,1734598778894330880,1734598779695245824,False,12.0,quiet
2159,1734598779742402048,1734598780151390976,False,12.0,quiet
2160,1734598780298249984,1734598782831312896,False,12.0,quiet
