blink id,start timestamp [ns],end timestamp [ns],duration [ms],trial_id,trial_type
52,1734859200232870316,1734859200420925316,188,1,noisy
53,1734859200424827316,1734859200840817316,416,1,noisy
54,1734859206632853316,1734859206956880316,324,1,noisy
55,1734859208916842316,1734859209404838316,488,1,noisy
56,1734859211252709316,1734859211600884316,348,1,noisy
57,1734859213384896316,1734859213604833316,220,1,noisy
58,1734859215480878316,1734859215828852316,348,1,noisy
59,1734859216496829316,1734859216792867316,296,1,noisy
60,1734859219372874316,1734859219692919316,320,1,noisy
61,1734859219700729316,1734859220064846316,364,1,noisy
62,1734859221653050316,1734859222028853316,376,1,noisy
63,1734859226900839316,1734859227232817316,332,1,noisy
64,1734859232680841316,1734859233020912316,340,1,noisy
65,1734859243368847316,1734859243620816316,252,1,noisy
66,1734859249352846316,1734859249740717316,388,1,noisy
67,1734859250128800316,1734859250560825316,432,1,noisy
68,1734859250976836316,1734859251417054316,440,1,noisy
69,1734859252548988316,1734859252936854316,388,1,noisy
70,1734859254884937316,1734859255264828316,380,1,noisy
71,1734859256200846316,1734859256608852316,408,1,noisy
72,1734859259876871316,1734859260248867316,372,1,noisy
73,1734859261408851316,1734859261808874316,400,1,noisy
74,1734859263572929316,1734859263980845316,408,1,noisy
75,1734859265252723316,1734859265660722316,408,1,noisy
76,1734859267277058316,1734859267632828316,356,1,noisy
77,1734859268057950316,1734859268468844316,411,1,noisy
78,1734859269496817316,1734859269928888316,432,1,noisy
79,1734859278272831316,1734859278616970316,344,1,noisy
80,1734859279180740316,1734859279400981316,220,1,noisy
81,1734859282577168316,1734859282956908316,380,1,noisy
82,1734859283116912316,1734859283408836316,292,1,noisy
83,1734859283728799316,1734859284148723316,420,1,noisy
84,1734859284248879316,1734859284844792316,596,1,noisy
85,1734859286252858316,1734859286772879316,520,1,noisy
86,1734859288104931316,1734859288505008316,400,1,noisy
87,1734859289877076316,1734859290280811316,404,1,noisy
88,1734859291728797316,1734859292144847316,416,1,noisy
105,1734859324840809316,1734859325316876316,476,2,quiet
106,1734859327260803316,1734859327664836316,404,2,quiet
107,1734859329104710316,1734859329584814316,480,2,quiet
108,1734859331104818316,1734859331580879316,476,2,quiet
109,1734859332812837316,1734859333285115316,472,2,quiet
110,1734859334180870316,1734859334580726316,400,2,quiet
111,1734859335680843316,1734859336129026316,448,2,quiet
112,1734859337444863316,1734859337840851316,396,2,quiet
113,1734859340280808316,1734859340644732316,364,2,quiet
114,1734859341288834316,1734859341692910316,404,2,quiet
115,1734859342892833316,1734859343272816316,380,2,quiet
116,1734859344368800316,1734859344752814316,384,2,quiet
117,1734859345824860316,1734859346204953316,380,2,quiet
118,1734859347780882316,1734859348012857316,232,2,quiet
119,1734859348549105316,1734859348952821316,404,2,quiet
120,1734859349976823316,1734859350380935316,404,2,quiet
121,1734859352644789316,1734859353064856316,420,2,quiet
122,1734859353965026316,1734859354352848316,388,2,quiet
123,1734859359556893316,1734859359888790316,332,2,quiet
124,1734859364400863316,1734859364772870316,372,2,quiet
125,1734859372904874316,1734859373296851316,392,2,quiet
126,1734859375016824316,1734859375548828316,532,2,quiet
127,1734859375984824316,1734859376464994316,480,2,quiet
128,1734859377700895316,1734859378148870316,448,2,quiet
129,1734859379332849316,1734859379780919316,448,2,quiet
130,1734859383848797316,1734859384216795316,368,2,quiet
131,1734859386060870316,1734859386424829316,364,2,quiet
132,1734859387120888316,1734859387528911316,408,2,quiet
133,1734859388548720316,1734859388932928316,384,2,quiet
134,1734859390364719316,1734859390764736316,400,2,quiet
135,1734859391592902316,1734859392016880316,424,2,quiet
136,1734859393004742316,1734859393376890316,372,2,quiet
137,1734859394944813316,1734859395332985316,388,2,quiet
138,1734859396701054316,1734859397052936316,352,2,quiet
139,1734859401772844316,1734859402224911316,452,2,quiet
140,1734859403760816316,1734859404164913316,404,2,quiet
141,1734859406448809316,1734859406752812316,304,2,quiet
142,1734859406812811316,1734859407228957316,416,2,quiet
143,1734859408880892316,1734859409288850316,408,2,quiet
144,1734859412996738316,1734859413348722316,352,2,quiet
145,1734859413377118316,1734859413848836316,472,2,quiet
146,1734859417800810316,1734859418260797316,460,2,quiet
162,1734859438880816316,1734859439052836316,172,3,noisy
163,1734859439056862316,1734859439556833316,500,3,noisy
164,1734859439868796316,1734859440052901316,184,3,noisy
165,1734859440056833316,1734859440452887316,396,3,noisy
166,1734859442740808316,1734859443156822316,416,3,noisy
167,1734859444012877316,1734859444405064316,392,3,noisy
168,1734859445180805316,1734859445584796316,404,3,noisy
169,1734859445648853316,1734859446052825316,404,3,noisy
170,1734859446264849316,1734859446696840316,432,3,noisy
171,1734859447504868316,1734859447856902316,352,3,noisy
172,1734859447947282316,1734859448164897316,218,3,noisy
173,1734859449368867316,1734859449724854316,356,3,noisy
174,1734859450000831316,1734859450472822316,472,3,noisy
175,1734859450788905316,1734859451292938316,504,3,noisy
176,1734859451373083316,1734859451836953316,464,3,noisy
177,1734859452088808316,1734859452508995316,420,3,noisy
178,1734859452808836316,1734859453060861316,252,3,noisy
179,1734859453065074316,1734859453516799316,452,3,noisy
180,1734859453924932316,1734859454356899316,432,3,noisy
181,1734859455812945316,1734859456188825316,376,3,noisy
182,1734859457920815316,1734859458340873316,420,3,noisy
183,1734859459768820316,1734859460164845316,396,3,noisy
184,1734859462620776316,1734859462996818316,376,3,noisy
185,1734859463428951316,1734859463848981316,420,3,noisy
186,1734859464244861316,1734859464700814316,456,3,noisy
187,1734859465464791316,1734859465812894316,348,3,noisy
188,1734859467216830316,1734859467604975316,388,3,noisy
189,1734859468488798316,1734859468660892316,172,3,noisy
190,1734859468664704316,1734859469060938316,396,3,noisy
191,1734859471976792316,1734859472456842316,480,3,noisy
192,1734859474336839316,1734859474824839316,488,3,noisy
193,1734859476020814316,1734859476420815316,400,3,noisy
194,1734859477692965316,1734859478296864316,604,3,noisy
195,1734859481340728316,1734859481640831316,300,3,noisy
196,1734859481648832316,1734859482084955316,436,3,noisy
197,1734859485724823316,1734859486328896316,604,3,noisy
198,1734859487288858316,1734859487588810316,300,3,noisy
199,1734859487768804316,1734859488221120316,452,3,noisy
200,1734859488860711316,1734859489080819316,220,3,noisy
201,1734859489536851316,1734859490012841316,476,3,noisy
202,1734859492836898316,1734859493232798316,396,3,noisy
203,1734859494528794316,1734859494916850316,388,3,noisy
204,1734859496536877316,1734859496936868316,400,3,noisy
205,1734859500252792316,1734859500688732316,436,3,noisy
206,1734859500944827316,1734859501472921316,528,3,noisy
207,1734859501884874316,1734859502400800316,516,3,noisy
208,1734859504596982316,1734859504964720316,368,3,noisy
209,1734859504972803316,1734859505404930316,432,3,noisy
210,1734859507720826316,1734859508136824316,416,3,noisy
211,1734859509620826316,1734859510028872316,408,3,noisy
212,1734859511856912316,1734859512264771316,408,3,noisy
213,1734859512604894316,1734859512956890316,352,3,noisy
214,1734859513388927316,1734859513800844316,412,3,noisy
215,1734859514836943316,1734859515240709316,404,3,noisy
216,1734859516212792316,1734859516604738316,392,3,noisy
217,1734859516608818316,1734859517028877316,420,3,noisy
218,1734859518660724316,1734859519064958316,404,3,noisy
219,1734859520768810316,1734859521153024316,384,3,noisy
220,1734859522004715316,1734859522576723316,572,3,noisy
221,1734859523476956316,1734859523904817316,428,3,noisy
222,1734859526876991316,1734859527253001316,376,3,noisy
223,1734859529664806316,1734859530096842316,432,3,noisy
224,1734859532161081316,1734859532573222316,412,3,noisy
225,1734859535696731316,1734859536092796316,396,3,noisy
226,1734859536920811316,1734859537329471316,409,3,noisy
242,1734859564040815316,1734859564480796316,440,4,noisy
243,1734859565236856316,1734859565560845316,324,4,noisy
244,1734859567556830316,1734859567952795316,396,4,noisy
245,1734859568336807316,1734859568740805316,404,4,noisy
246,1734859569100808316,1734859569492912316,392,4,noisy
247,1734859571408970316,1734859571812843316,404,4,noisy
248,1734859573280870316,1734859573728828316,448,4,noisy
249,1734859576004944316,1734859576448832316,444,4,noisy
250,1734859577208852316,1734859577644913316,436,4,noisy
251,1734859581344731316,1734859581712813316,368,4,noisy
252,1734859582780901316,1734859583176892316,396,4,noisy
253,1734859584868897316,1734859585252813316,384,4,noisy
254,1734859586664736316,1734859587100948316,436,4,noisy
255,1734859587412953316,1734859587817213316,404,4,noisy
256,1734859588832826316,1734859589236906316,404,4,noisy
257,1734859589800824316,1734859590156835316,356,4,noisy
258,1734859590457191316,1734859590940906316,484,4,noisy
259,1734859592192805316,1734859592609116316,416,4,noisy
260,1734859592668837316,1734859593132812316,464,4,noisy
261,1734859593136842316,1734859593540922316,404,4,noisy
262,1734859601288873316,1734859601656817316,368,4,noisy
263,1734859602028829316,1734859602660884316,632,4,noisy
264,1734859603040799316,1734859603457053316,416,4,noisy
265,1734859608524720316,1734859608924837316,400,4,noisy
266,1734859613368830316,1734859613776875316,408,4,noisy
267,1734859615077235316,1734859615528897316,452,4,noisy
268,1734859616924829316,1734859617336815316,412,4,noisy
269,1734859619192907316,1734859619544795316,352,4,noisy
270,1734859619548887316,1734859619984847316,436,4,noisy
271,1734859621504817316,1734859621992818316,488,4,noisy
272,1734859622780927316,1734859623216845316,436,4,noisy
273,1734859624232854316,1734859624596936316,364,4,noisy
274,1734859624956906316,1734859625344789316,388,4,noisy
275,1734859626876895316,1734859627256847316,380,4,noisy
276,1734859628516800316,1734859629192843316,676,4,noisy
277,1734859629896774316,1734859630300970316,404,4,noisy
278,1734859631004848316,1734859631368820316,364,4,noisy
279,1734859633104808316,1734859633404861316,300,4,noisy
280,1734859633444727316,1734859633892735316,448,4,noisy
281,1734859635884715316,1734859636300859316,416,4,noisy
282,1734859637748795316,1734859638153105316,404,4,noisy
283,1734859645116813316,1734859645412867316,296,4,noisy
284,1734859645840852316,1734859646312808316,472,4,noisy
285,1734859648016821316,1734859648452890316,436,4,noisy
312,1734859686676737316,1734859687320849316,644,5,quiet
313,1734859689108840316,1734859689484804316,376,5,quiet
314,1734859691429036316,1734859691816827316,388,5,quiet
315,1734859692992799316,1734859693384793316,392,5,quiet
316,1734859695536845316,1734859695936928316,400,5,quiet
317,1734859697004868316,1734859697380885316,376,5,quiet
318,1734859699168845316,1734859699568809316,400,5,quiet
319,1734859699988816316,1734859700384791316,396,5,quiet
320,1734859702452815316,1734859702860818316,408,5,quiet
321,1734859704856840316,1734859705284869316,428,5,quiet
322,1734859707636899316,1734859708052809316,416,5,quiet
323,1734859708956816316,1734859709396851316,440,5,quiet
324,1734859709885168316,1734859710356729316,472,5,quiet
325,1734859712384988316,1734859712760828316,376,5,quiet
326,1734859720744815316,1734859721121156316,376,5,quiet
327,1734859722784849316,1734859723188865316,404,5,quiet
328,1734859724329168316,1734859724717303316,388,5,quiet
329,1734859728332877316,1734859728804922316,472,5,quiet
330,1734859729240818316,1734859729808904316,568,5,quiet
331,1734859731768821316,1734859732216860316,448,5,quiet
332,1734859735072711316,1734859735496879316,424,5,quiet
333,1734859737196931316,1734859737568810316,372,5,quiet
334,1734859738292839316,1734859738680823316,388,5,quiet
335,1734859743328733316,1734859743704890316,376,5,quiet
336,1734859745152914316,1734859745544810316,392,5,quiet
337,1734859747376809316,1734859747700793316,324,5,quiet
338,1734859749052834316,1734859749436864316,384,5,quiet
339,1734859751376936316,1734859751704916316,328,5,quiet
340,1734859752048833316,1734859752416827316,368,5,quiet
341,1734859753588865316,1734859753968920316,380,5,quiet
342,1734859757648929316,1734859757984856316,336,5,quiet
343,1734859760896833316,1734859761280744316,384,5,quiet
344,1734859762752838316,1734859763132811316,380,5,quiet
345,1734859764444880316,1734859764804846316,360,5,quiet
346,1734859765100906316,1734859765596893316,496,5,quiet
347,1734859767100941316,1734859767476896316,376,5,quiet
348,1734859768384792316,1734859768752866316,368,5,quiet
349,1734859770208817316,1734859770560811316,352,5,quiet
350,1734859770780800316,1734859771200797316,420,5,quiet
351,1734859772372837316,1734859772780937316,408,5,quiet
352,1734859774064795316,1734859774452867316,388,5,quiet
367,1734859800636947316,1734859800940713316,304,6,quiet
368,1734859801836889316,1734859802232971316,396,6,quiet
369,1734859803608872316,1734859804016790316,408,6,quiet
370,1734859804756865316,1734859805180883316,424,6,quiet
371,1734859806508858316,1734859806908818316,400,6,quiet
372,1734859808424897316,1734859808856818316,432,6,quiet
373,1734859810524870316,1734859810884841316,360,6,quiet
374,1734859811172869316,1734859811548794316,376,6,quiet
375,1734859811800820316,1734859812272792316,472,6,quiet
376,1734859813828889316,1734859814332939316,504,6,quiet
377,1734859815468798316,1734859815916842316,448,6,quiet
378,1734859817016820316,1734859817420902316,404,6,quiet
379,1734859818304873316,1734859818712795316,408,6,quiet
380,1734859819616843316,1734859820036837316,420,6,quiet
381,1734859820861037316,1734859821232812316,372,6,quiet
382,1734859821292921316,1734859821756923316,464,6,quiet
383,1734859824184822316,1734859824580733316,396,6,quiet
384,1734859826252908316,1734859826568731316,316,6,quiet
385,1734859831024933316,1734859831344797316,320,6,quiet
386,1734859831860730316,1734859832232871316,372,6,quiet
387,1734859833932919316,1734859834344800316,412,6,quiet
388,1734859835437012316,1734859835872809316,436,6,quiet
389,1734859835936992316,1734859836436925316,500,6,quiet
390,1734859838068910316,1734859838484824316,416,6,quiet
391,1734859840424724316,1734859840796724316,372,6,quiet
392,1734859841700855316,1734859842088722316,388,6,quiet
393,1734859843264812316,1734859843652825316,388,6,quiet
394,1734859845976862316,1734859846348865316,372,6,quiet
395,1734859847832883316,1734859848244844316,412,6,quiet
396,1734859849904812316,1734859850196937316,292,6,quiet
397,1734859850200843316,1734859850601001316,400,6,quiet
398,1734859852096891316,1734859852477010316,380,6,quiet
399,1734859854452927316,1734859854852865316,400,6,quiet
400,1734859855792852316,1734859856216880316,424,6,quiet
401,1734859857888824316,1734859858280882316,392,6,quiet
402,1734859859152823316,1734859859576828316,424,6,quiet
403,1734859860372975316,1734859860784796316,412,6,quiet
404,1734859861444844316,1734859861912796316,468,6,quiet
405,1734859863060860316,1734859863508895316,448,6,quiet
406,1734859863548880316,1734859863996906316,448,6,quiet
407,1734859867132887316,1734859867484721316,352,6,quiet
408,1734859868568804316,1734859868904802316,336,6,quiet
409,1734859869380915316,1734859869816889316,436,6,quiet
410,1734859872472828316,1734859872856867316,384,6,quiet
411,1734859873196820316,1734859873644919316,448,6,quiet
412,1734859875992809316,1734859876544799316,552,6,quiet
413,1734859877124809316,1734859877636873316,512,6,quiet
414,1734859881520980316,1734859881873009316,352,6,quiet
415,1734859885320833316,1734859885676922316,356,6,quiet
416,1734859886748895316,1734859887128814316,380,6,quiet
417,1734859888420848316,1734859888817511316,397,6,quiet
418,1734859889460839316,1734859889808790316,348,6,quiet
419,1734859890952817316,1734859891384874316,432,6,quiet
433,1734859916816874316,1734859917184734316,368,7,noisy
434,1734859918484719316,1734859918880801316,396,7,noisy
435,1734859921964831316,1734859922340834316,376,7,noisy
436,1734859924872827316,1734859925204995316,332,7,noisy
437,1734859926920834316,1734859927360830316,440,7,noisy
438,1734859929488918316,1734859929900869316,412,7,noisy
439,1734859930580981316,1734859930936716316,356,7,noisy
440,1734859933024810316,1734859933432840316,408,7,noisy
441,1734859934932795316,1734859935360705316,428,7,noisy
442,1734859936256846316,1734859936844858316,588,7,noisy
443,1734859936872859316,1734859937328814316,456,7,noisy
444,1734859937628803316,1734859937964966316,336,7,noisy
445,1734859938028722316,1734859938380883316,352,7,noisy
446,1734859939528855316,1734859939928788316,400,7,noisy
447,1734859940148830316,1734859940612803316,464,7,noisy
448,1734859941616859316,1734859942020723316,404,7,noisy
449,1734859946204807316,1734859946580813316,376,7,noisy
450,1734859954748860316,1734859955276931316,528,7,noisy
451,1734859956388879316,1734859956944830316,556,7,noisy
452,1734859957564920316,1734859957976818316,412,7,noisy
453,1734859958916808316,1734859959388809316,472,7,noisy
454,1734859962716874316,1734859963148839316,432,7,noisy
455,1734859966604716316,1734859966936746316,332,7,noisy
456,1734859967408830316,1734859967888798316,480,7,noisy
457,1734859968952876316,1734859969352843316,400,7,noisy
458,1734859972048888316,1734859972436918316,388,7,noisy
459,1734859976084865316,1734859976572801316,488,7,noisy
460,1734859979281121316,1734859979664886316,384,7,noisy
461,1734859981200723316,1734859981688835316,488,7,noisy
462,1734859984552921316,1734859984956934316,404,7,noisy
463,1734859986948882316,1734859987484912316,536,7,noisy
464,1734859990220816316,1734859990624727316,404,7,noisy
465,1734859992252914316,1734859992749019316,496,7,noisy
466,1734859995572938316,1734859996036830316,464,7,noisy
467,1734859998344795316,1734859998776843316,432,7,noisy
468,1734860000736952316,1734860001156806316,420,7,noisy
469,1734860001444930316,1734860001972915316,528,7,noisy
470,1734860002092808316,1734860002568866316,476,7,noisy
471,1734860004588794316,1734860004992803316,404,7,noisy
472,1734860006460848316,1734860006960837316,500,7,noisy
473,1734860009984840316,1734860010380918316,396,7,noisy
474,1734860011304731316,1734860011708858316,404,7,noisy
475,1734860012952810316,1734860013348744316,396,7,noisy
476,1734860014960825316,1734860015400836316,440,7,noisy
501,1734860052697334316,1734860053076881316,380,8,quiet
502,1734860055208801316,1734860055600842316,392,8,quiet
503,1734860056864797316,1734860057276852316,412,8,quiet
504,1734860057680732316,1734860058132953316,452,8,quiet
505,1734860058812833316,1734860059428800316,616,8,quiet
506,1734860059644900316,1734860060136827316,492,8,quiet
507,1734860060716839316,1734860061104898316,388,8,quiet
508,1734860064240782316,1734860064600827316,360,8,quiet
509,1734860070232841316,1734860070580859316,348,8,quiet
510,1734860071904868316,1734860072304802316,400,8,quiet
511,1734860073180860316,1734860073572868316,392,8,quiet
512,1734860075977140316,1734860076352837316,376,8,quiet
513,1734860078284878316,1734860078648853316,364,8,quiet
514,1734860080708890316,1734860081088833316,380,8,quiet
515,1734860085492813316,1734860085844723316,352,8,quiet
516,1734860087916860316,1734860088312893316,396,8,quiet
517,1734860089333265316,1734860089828816316,496,8,quiet
518,1734860090760886316,1734860091016890316,256,8,quiet
519,1734860091020869316,1734860091380934316,360,8,quiet
520,1734860093896806316,1734860094344798316,448,8,quiet
521,1734860096876893316,1734860097044842316,168,8,quiet
522,1734860097048800316,1734860097428880316,380,8,quiet
523,1734860098692860316,1734860099080867316,388,8,quiet
524,1734860100544849316,1734860101024832316,480,8,quiet
525,1734860101880843316,1734860102236874316,356,8,quiet
526,1734860103032860316,1734860103468963316,436,8,quiet
527,1734860105424864316,1734860105808805316,384,8,quiet
528,1734860106952794316,1734860107388841316,436,8,quiet
529,1734860109012718316,1734860109460805316,448,8,quiet
530,1734860111888856316,1734860112312853316,424,8,quiet
531,1734860114060857316,1734860114472803316,412,8,quiet
532,1734860116708801316,1734860117140884316,432,8,quiet
533,1734860118120721316,1734860118552899316,432,8,quiet
534,1734860119968810316,1734860120368805316,400,8,quiet
535,1734860122236812316,1734860122637062316,400,8,quiet
536,1734860123412902316,1734860123840810316,428,8,quiet
537,1734860124172891316,1734860124680791316,508,8,quiet
538,1734860126434504316,1734860126836903316,402,8,quiet
539,1734860129552958316,1734860129940720316,388,8,quiet
540,1734860133880724316,1734860134240820316,360,8,quiet
541,1734860134648882316,1734860135044843316,396,8,quiet
542,1734860135940743316,1734860136380797316,440,8,quiet
543,1734860138736839316,1734860139140905316,404,8,quiet
544,1734860141172801316,1734860141576818316,404,8,quiet
545,1734860143877750316,1734860144304840316,427,8,quiet
546,1734860145676930316,1734860146084816316,408,8,quiet
557,1734860168796925316,1734860169053166316,256,9,noisy
558,1734860169056859316,1734860169560707316,504,9,noisy
559,1734860169609053316,1734860169904815316,296,9,noisy
560,1734860169932807316,1734860170348860316,416,9,noisy
561,1734860170680904316,1734860171008877316,328,9,noisy
562,1734860174164768316,1734860174540860316,376,9,noisy
563,1734860174637038316,1734860175184825316,548,9,noisy
564,1734860176616985316,1734860176872866316,256,9,noisy
565,1734860176877230316,1734860177260935316,384,9,noisy
566,1734860177852860316,1734860178348954316,496,9,noisy
567,1734860180444908316,1734860180808830316,364,9,noisy
568,1734860182424722316,1734860182804817316,380,9,noisy
569,1734860185604899316,1734860185976813316,372,9,noisy
570,1734860188804823316,1734860189200846316,396,9,noisy
571,1734860191997078316,1734860192372920316,376,9,noisy
572,1734860193308921316,1734860193704836316,396,9,noisy
573,1734860194732884316,1734860195112961316,380,9,noisy
574,1734860197020879316,1734860197408834316,388,9,noisy
575,1734860198140824316,1734860198597569316,457,9,noisy
576,1734860198600854316,1734860199028905316,428,9,noisy
577,1734860200261038316,1734860200680815316,420,9,noisy
578,1734860202412785316,1734860202848831316,436,9,noisy
579,1734860204860866316,1734860205301023316,440,9,noisy
580,1734860207092811316,1734860207488723316,396,9,noisy
581,1734860207612801316,1734860208164889316,552,9,noisy
582,1734860210712800316,1734860211084886316,372,9,noisy
583,1734860211952818316,1734860212408804316,456,9,noisy
584,1734860213880824316,1734860214272866316,392,9,noisy
585,1734860215464789316,1734860215920840316,456,9,noisy
586,1734860217032818316,1734860217528865316,496,9,noisy
587,1734860222348901316,1734860222704794316,356,9,noisy
588,1734860223268892316,1734860223668856316,400,9,noisy
589,1734860224980870316,1734860225521078316,540,9,noisy
590,1734860226236864316,1734860226724870316,488,9,noisy
591,1734860229272822316,1734860229692978316,420,9,noisy
592,1734860232020870316,1734860232404876316,384,9,noisy
593,1734860235338180316,1734860235784932316,447,9,noisy
594,1734860237160827316,1734860237624798316,464,9,noisy
595,1734860239732798316,1734860240196809316,464,9,noisy
596,1734860242804907316,1734860243228872316,424,9,noisy
597,1734860243656838316,1734860244120834316,464,9,noisy
598,1734860246140898316,1734860246608926316,468,9,noisy
599,1734860247264847316,1734860247764851316,500,9,noisy
600,1734860249884916316,1734860250288813316,404,9,noisy
601,1734860251156811316,1734860251560723316,404,9,noisy
602,1734860252136828316,1734860252496854316,360,9,noisy
603,1734860252824851316,1734860253252800316,428,9,noisy
604,1734860254944869316,1734860255356808316,412,9,noisy
605,1734860257420891316,1734860257764860316,344,9,noisy
606,1734860259960862316,1734860260352844316,392,9,noisy
607,1734860262664794316,1734860263032903316,368,9,noisy
608,1734860264684782316,1734860265088803316,404,9,noisy
609,1734860267116911316,1734860267492840316,376,9,noisy
610,1734860267968879316,1734860268404874316,436,9,noisy
629,1734860297620804316,1734860298052905316,432,10,quiet
630,1734860301656861316,1734860302080869316,424,10,quiet
631,1734860303817530316,1734860304200840316,383,10,quiet
632,1734860306100891316,1734860306492864316,392,10,quiet
633,1734860309100865316,1734860309532963316,432,10,quiet
634,1734860312776814316,1734860313136818316,360,10,quiet
635,1734860314980960316,1734860315420915316,440,10,quiet
636,1734860315900826316,1734860316392885316,492,10,quiet
637,1734860317292856316,1734860317748798316,456,10,quiet
638,1734860318760831316,1734860319160818316,400,10,quiet
639,1734860322888817316,1734860323280815316,392,10,quiet
640,1734860324356983316,1734860324776888316,420,10,quiet
641,1734860326525084316,1734860326964882316,440,10,quiet
642,1734860328392802316,1734860328832815316,440,10,quiet
643,1734860331564872316,1734860331893005316,328,10,quiet
644,1734860332044929316,1734860332328905316,284,10,quiet
645,1734860332333009316,1734860332728983316,396,10,quiet
646,1734860334777206316,1734860335217317316,440,10,quiet
647,1734860338192837316,1734860338628891316,436,10,quiet
648,1734860339992827316,1734860340412887316,420,10,quiet
649,1734860341072909316,1734860341564730316,492,10,quiet
650,1734860344584837316,1734860345152825316,568,10,quiet
651,1734860348417072316,1734860348836748316,420,10,quiet
652,1734860353365032316,1734860353880831316,516,10,quiet
653,1734860354476806316,1734860354992854316,516,10,quiet
654,1734860356112829316,1734860356688829316,576,10,quiet
655,1734860357336854316,1734860357880818316,544,10,quiet
656,1734860358592813316,1734860359052724316,460,10,quiet
657,1734860359332732316,1734860359764725316,432,10,quiet
658,1734860360332982316,1734860360548786316,216,10,quiet
659,1734860360552852316,1734860360888864316,336,10,quiet
660,1734860361508834316,1734860362024874316,516,10,quiet
661,1734860362544714316,1734860363012785316,468,10,quiet
662,1734860364728787316,1734860365161419316,433,10,quiet
663,1734860366232822316,1734860366597023316,364,10,quiet
664,1734860367592821316,1734860368000838316,408,10,quiet
665,1734860369716717316,1734860370136843316,420,10,quiet
666,1734860370680865316,1734860371144775316,464,10,quiet
667,1734860372944728316,1734860373372788316,428,10,quiet
668,1734860375920794316,1734860376360744316,440,10,quiet
669,1734860377052716316,1734860377500837316,448,10,quiet
670,1734860379148820316,1734860379532845316,384,10,quiet
671,1734860382896864316,1734860383284854316,388,10,quiet
672,1734860383312833316,1734860383748854316,436,10,quiet
673,1734860385124965316,1734860385528905316,404,10,quiet
674,1734860386952823316,1734860387384803316,432,10,quiet
675,1734860387664747316,1734860388164713316,500,10,quiet
676,1734860390368812316,1734860390816878316,448,10,quiet
677,1734860391980817316,1734860392208879316,228,10,quiet
678,1734860392216803316,1734860392620873316,404,10,quiet
679,1734860394049014316,1734860394508873316,460,10,quiet
680,1734860394944803316,1734860395508975316,564,10,quiet
681,1734860397912838316,1734860398328799316,416,10,quiet
694,1734860423218318316,1734860423636900316,419,11,noisy
695,1734860423752799316,1734860424176868316,424,11,noisy
696,1734860426920814316,1734860427360725316,440,11,noisy
697,1734860428516897316,1734860429144730316,628,11,noisy
698,1734860429564818316,1734860430116873316,552,11,noisy
699,1734860430160850316,1734860430560720316,400,11,noisy
700,1734860432016822316,1734860432412711316,396,11,noisy
701,1734860434884810316,1734860435277254316,392,11,noisy
702,1734860438300817316,1734860438744719316,444,11,noisy
703,1734860444245020316,1734860444660724316,416,11,noisy
704,1734860448600803316,1734860449080738316,480,11,noisy
705,1734860451384910316,1734860451712834316,328,11,noisy
706,1734860453536722316,1734860453912848316,376,11,noisy
707,1734860455788838316,1734860456184930316,396,11,noisy
708,1734860457516865316,1734860457980852316,464,11,noisy
709,1734860459384830316,1734860459852882316,468,11,noisy
710,1734860461084801316,1734860461480888316,396,11,noisy
711,1734860463384833316,1734860463808856316,424,11,noisy
712,1734860465052863316,1734860465440860316,388,11,noisy
713,1734860466192848316,1734860466652870316,460,11,noisy
714,1734860467648702316,1734860468064798316,416,11,noisy
715,1734860469656901316,1734860470052890316,396,11,noisy
716,1734860472156894316,1734860472556824316,400,11,noisy
717,1734860473428806316,1734860473912803316,484,11,noisy
718,1734860474352946316,1734860474684797316,332,11,noisy
719,1734860474712845316,1734860475240732316,528,11,noisy
720,1734860475292926316,1734860475777663316,485,11,noisy
721,1734860477932985316,1734860478348886316,416,11,noisy
722,1734860479024822316,1734860479437240316,412,11,noisy
723,1734860480560841316,1734860480996743316,436,11,noisy
724,1734860484120898316,1734860484556915316,436,11,noisy
725,1734860486792822316,1734860487200790316,408,11,noisy
726,1734860487760798316,1734860488192962316,432,11,noisy
727,1734860489092820316,1734860489648736316,556,11,noisy
728,1734860490320843316,1734860490780861316,460,11,noisy
729,1734860492956813316,1734860493332845316,376,11,noisy
730,1734860494268792316,1734860494696840316,428,11,noisy
731,1734860495380722316,1734860495920810316,540,11,noisy
732,1734860497264805316,1734860497868800316,604,11,noisy
733,1734860503260737316,1734860503656894316,396,11,noisy
734,1734860506400826316,1734860506864842316,464,11,noisy
735,1734860510884738316,1734860511257730316,373,11,noisy
736,1734860512164900316,1734860512528845316,364,11,noisy
737,1734860513757763316,1734860514140916316,383,11,noisy
738,1734860515748952316,1734860516152901316,404,11,noisy
758,1734860559936867316,1734860560344799316,408,12,quiet
759,1734860560772876316,1734860561256946316,484,12,quiet
760,1734860562620839316,1734860563024811316,404,12,quiet
761,1734860564137000316,1734860564392818316,256,12,quiet
762,1734860564396835316,1734860564816732316,420,12,quiet
763,1734860565120969316,1734860565300861316,180,12,quiet
764,1734860565308816316,1734860565752886316,444,12,quiet
765,1734860567624775316,1734860568012738316,388,12,quiet
766,1734860569908745316,1734860570360736316,452,12,quiet
767,1734860571077240316,1734860571508882316,432,12,quiet
768,1734860573088946316,1734860573528803316,440,12,quiet
769,1734860574848860316,1734860575304958316,456,12,quiet
770,1734860575752831316,1734860576212900316,460,12,quiet
771,1734860578840835316,1734860579244852316,404,12,quiet
772,1734860582068785316,1734860582484800316,416,12,quiet
773,1734860583932820316,1734860584368850316,436,12,quiet
774,1734860587812850316,1734860588216834316,404,12,quiet
775,1734860590188802316,1734860590656814316,468,12,quiet
776,1734860591536857316,1734860591992806316,456,12,quiet
777,1734860592220899316,1734860592757010316,536,12,quiet
778,1734860594780911316,1734860595232854316,452,12,quiet
779,1734860597560883316,1734860597964959316,404,12,quiet
780,1734860598672855316,1734860599060826316,388,12,quiet
781,1734860600276801316,1734860600788874316,512,12,quiet
782,1734860603136817316,1734860603696867316,560,12,quiet
783,1734860605600873316,1734860606100914316,500,12,quiet
784,1734860606732941316,1734860607252873316,520,12,quiet
785,1734860608232920316,1734860608872729316,640,12,quiet
786,1734860611936800316,1734860612412744316,476,12,quiet
787,1734860612960831316,1734860613436779316,476,12,quiet
788,1734860614772866316,1734860615236950316,464,12,quiet
789,1734860617416854316,1734860617996815316,580,12,quiet
790,1734860625200812316,1734860625572871316,372,12,quiet
791,1734860641636799316,1734860641984901316,348,12,quiet
792,1734860648076816316,1734860648440808316,364,12,quiet
793,1734860648576838316,1734860648952873316,376,12,quiet
794,1734860649320854316,1734860649776937316,456,12,quiet
795,1734860651460840316,1734860651877330316,416,12,quiet
796,1734860654541018316,1734860654941078316,400,12,quiet
797,1734860655448830316,1734860655820947316,372,12,quiet
798,1734860656648935316,1734860657100829316,452,12,quiet
799,1734860657941049316,1734860658440874316,500,12,quiet
800,1734860658848831316,1734860659404856316,556,12,quiet
801,1734860659816806316,1734860660432886316,616,12,quiet
802,1734860661632944316,1734860662040884316,408,12,quiet
803,1734860662908883316,1734860663364864316,456,12,quiet
804,1734860664253066316,1734860664772832316,520,12,quiet
805,1734860666072912316,1734860666544823316,472,12,quiet
806,1734860667840740316,1734860668277029316,436,12,quiet
807,1734860669752825316,1734860670176830316,424,12,quiet
808,1734860670896716316,1734860671337045316,440,12,quiet
809,1734860672468945316,1734860672904849316,436,12,quiet
810,1734860674096853316,1734860674480796316,384,12,quiet
811,1734860674752790316,1734860675144863316,392,12,quiet
812,1734860677140858316,1734860677548740316,408,12,quiet
813,1734860679572801316,1734860680008837316,436,12,quiet
814,1734860682297744316,1734860682616715316,319,12,quiet
815,1734860682620887316,1734860683136817316,516,12,quiet
816,1734860684768801316,1734860685204906316,436,12,quiet
817,1734860689424717316,1734860689908885316,484,12,quiet
818,1734860692632849316,1734860693040737316,408,12,quiet
819,1734860693616856316,1734860693992940316,376,12,quiet
820,1734860695156819316,1734860695652831316,496,12,quiet
821,1734860699472853316,1734860699844873316,372,12,quiet
822,1734860699864848316,1734860700284803316,420,12,quiet
823,1734860702736855316,1734860703148881316,412,12,quiet
824,1734860703908821316,1734860704340822316,432,12,quiet
825,1734860706200844316,1734860706612738316,412,12,quiet
826,1734860706908865316,1734860707204794316,296,12,quiet
827,1734860707208808316,1734860707600838316,392,12,quiet
828,1734860708180915316,1734860708628888316,448,12,quiet
829,1734860709372913316,1734860709804862316,432,12,quiet
830,1734860711112744316,1734860711552728316,440,12,quiet
831,1734860712420883316,1734860712820807316,400,12,quiet
