section id,recording id,blink id,start timestamp [ns],end timestamp [ns],duration [ms]
1a1c69bd-bd1b-4abc-828a-830ca10d3515,00079675-ce50-4d34-a3ee-1b7229d4b4ad,1,1734335854522114649,1734335854866070649,344
1a1c69bd-bd1b-4abc-828a-830ca10d3515,00079675-ce50-4d34-a3ee-1b7229d4b4ad,2,1734335858326128649,1734335858666117649,340
1a1c69bd-bd1b-4abc-828a-830ca10d3515,00079675-ce50-4d34-a3ee-1b7229d4b4ad,3,1734335860186269649,1734335860566149649,380
1a1c69bd-bd1b-4abc-828a-830ca10d3515,00079675-ce50-4d34-a3ee-1b7229d4b4ad,4,1734335862182123649,1734335862522213649,340
1a1c69bd-bd1b-4abc-828a-830ca10d3515,00079675-ce50-4d34-a3ee-1b7229d4b4ad,5,1734335864486323649,1734335864850126649,364
1a1c69bd-bd1b-4abc-828a-830ca10d3515,00079675-ce50-4d34-a3ee-1b7229d4b4ad,6,1734335866482152649,1734335866958233649,476
1a1c69bd-bd1b-4abc-828a-830ca10d3515,00079675-ce50-4d34-a3ee-1b7229d4b4ad,7,1734335880406772649,1734335880726105649,319
1a1c69bd-bd1b-4abc-828a-830ca10d3515,00079675-ce50-4d34-a3ee-1b7229d4b4ad,8,1734335886406131649,1734335886794241649,388
1a1c69bd-bd1b-4abc-828a-830ca10d3515,00079675-ce50-4d34-a3ee-1b7229d4b4ad,9,1734335887162107649,1734335887534149649,372
1a1c69bd-bd1b-4abc-828a-830ca10d3515,00079675-ce50-4d34-a3ee-1b7229d4b4ad,10,1734335888738137649,1734335889122147649,384
1a1c69bd-bd1b-4abc-828a-830ca10d3515,00079675-ce50-4d34-a3ee-1b7229d4b4ad,11,1734335902782115649,1734335903158115649,376
1a1c69bd-bd1b-4abc-828a-830ca10d3515,00079675-ce50-4d34-a3ee-1b7229d4b4ad,12,1734335904634090649,1734335905042188649,408
1a1c69bd-bd1b-4abc-828a-830ca10d3515,00079675-ce50-4d34-a3ee-1b7229d4b4ad,13,1734335907230356649,1734335907618207649,388
1a1c69bd-bd1b-4abc-828a-830ca10d3515,00079675-ce50-4d34-a3ee-1b7229d4b4ad,14,1734335909550238649,1734335909990129649,440
1a1c69bd-bd1b-4abc-828a-830ca10d3515,00079675-ce50-4d34-a3ee-1b7229d4b4ad,15,1734335912754127649,1734335913106124649,352
1a1c69bd-bd1b-4abc-828a-830ca10d3515,00079675-ce50-4d34-a3ee-1b7229d4b4ad,16,1734335915406144649,1734335915782143649,376
1a1c69bd-bd1b-4abc-828a-830ca10d3515,00079675-ce50-4d34-a3ee-1b7229d4b4ad,17,1734335916906174649,1734335917314144649,408
1a1c69bd-bd1b-4abc-828a-830ca10d3515,00079675-ce50-4d34-a3ee-1b7229d4b4ad,18,1734335918538041649,1734335918926090649,388
1a1c69bd-bd1b-4abc-828a-830ca10d3515,00079675-ce50-4d34-a3ee-1b7229d4b4ad,19,1734335921906191649,1734335922306160649,400
1a1c69bd-bd1b-4abc-828a-830ca10d3515,00079675-ce50-4d34-a3ee-1b7229d4b4ad,20,1734335923534125649,1734335923950347649,416
1a1c69bd-bd1b-4abc-828a-830ca10d3515,00079675-ce50-4d34-a3ee-1b7229d4b4ad,21,1734335925034160649,1734335925394252649,360
1a1c69bd-bd1b-4abc-828a-830ca10d3515,00079675-ce50-4d34-a3ee-1b7229d4b4ad,22,1734335925410174649,1734335925922105649,512
1a1c69bd-bd1b-4abc-828a-830ca10d3515,00079675-ce50-4d34-a3ee-1b7229d4b4ad,23,1734335933002180649,1734335933334139649,332
1a1c69bd-bd1b-4abc-828a-830ca10d3515,00079675-ce50-4d34-a3ee-1b7229d4b4ad,24,1734335940058047649,1734335940426123649,368
1a1c69bd-bd1b-4abc-828a-830ca10d3515,00079675-ce50-4d34-a3ee-1b7229d4b4ad,25,1734335944674150649,1734335945046097649,372
1a1c69bd-bd1b-4abc-828a-830ca10d3515,00079675-ce50-4d34-a3ee-1b7229d4b4ad,26,1734335951650386649,1734335951926165649,276
1a1c69bd-bd1b-4abc-828a-830ca10d3515,00079675-ce50-4d34-a3ee-1b7229d4b4ad,27,1734335956962089649,1734335957546381649,584
1a1c69bd-bd1b-4abc-828a-830ca10d3515,00079675-ce50-4d34-a3ee-1b7229d4b4ad,28,1734335962354019649,1734335962730107649,376
1a1c69bd-bd1b-4abc-828a-830ca10d3515,00079675-ce50-4d34-a3ee-1b7229d4b4ad,29,1734335966810120649,1734335967194101649,384
1a1c69bd-bd1b-4abc-828a-830ca10d3515,00079675-ce50-4d34-a3ee-1b7229d4b4ad,30,1734335971958074649,1734335972290058649,332
1a1c69bd-bd1b-4abc-828a-830ca10d3515,00079675-ce50-4d34-a3ee-1b7229d4b4ad,31,1734335972366192649,1734335972734105649,368
1a1c69bd-bd1b-4abc-828a-830ca10d3515,00079675-ce50-4d34-a3ee-1b7229d4b4ad,32,1734335974962088649,1734335975362185649,400
1a1c69bd-bd1b-4abc-828a-830ca10d3515,00079675-ce50-4d34-a3ee-1b7229d4b4ad,33,1734335978297986649,1734335978654192649,356
1a1c69bd-bd1b-4abc-828a-830ca10d3515,00079675-ce50-4d34-a3ee-1b7229d4b4ad,34,1734335980598052649,1734335980946109649,348
1a1c69bd-bd1b-4abc-828a-830ca10d3515,00079675-ce50-4d34-a3ee-1b7229d4b4ad,35,1734335987318105649,1734335987678026649,360
1a1c69bd-bd1b-4abc-828a-830ca10d3515,00079675-ce50-4d34-a3ee-1b7229d4b4ad,36,1734335990642119649,1734335991006080649,364
1a1c69bd-bd1b-4abc-828a-830ca10d3515,00079675-ce50-4d34-a3ee-1b7229d4b4ad,37,1734335992374127649,1734335992778028649,404
1a1c69bd-bd1b-4abc-828a-830ca10d3515,00079675-ce50-4d34-a3ee-1b7229d4b4ad,38,1734335993878081649,1734335994310087649,432
1a1c69bd-bd1b-4abc-828a-830ca10d3515,00079675-ce50-4d34-a3ee-1b7229d4b4ad,39,1734335997130129649,1734335997550088649,420
1a1c69bd-bd1b-4abc-828a-830ca10d3515,00079675-ce50-4d34-a3ee-1b7229d4b4ad,40,1734335999874087649,1734336000310103649,436
1a1c69bd-bd1b-4abc-828a-830ca10d3515,00079675-ce50-4d34-a3ee-1b7229d4b4ad,41,1734336004754100649,1734336005158094649,404
1a1c69bd-bd1b-4abc-828a-830ca10d3515,00079675-ce50-4d34-a3ee-1b7229d4b4ad,42,1734336007462085649,1734336007810147649,348
1a1c69bd-bd1b-4abc-828a-830ca10d3515,00079675-ce50-4d34-a3ee-1b7229d4b4ad,43,1734336013614115649,1734336013958108649,344
1a1c69bd-bd1b-4abc-828a-830ca10d3515,00079675-ce50-4d34-a3ee-1b7229d4b4ad,44,1734336014622052649,1734336015034190649,412
1a1c69bd-bd1b-4abc-828a-830ca10d3515,00079675-ce50-4d34-a3ee-1b7229d4b4ad,45,1734336016806300649,1734336017190066649,384
1a1c69bd-bd1b-4abc-828a-830ca10d3515,00079675-ce50-4d34-a3ee-1b7229d4b4ad,46,1734336019198129649,1734336019598111649,400
1a1c69bd-bd1b-4abc-828a-830ca10d3515,00079675-ce50-4d34-a3ee-1b7229d4b4ad,47,1734336026394086649,1734336026758071649,364
1a1c69bd-bd1b-4abc-828a-830ca10d3515,00079675-ce50-4d34-a3ee-1b7229d4b4ad,48,1734336028634098649,1734336029034352649,400
1a1c69bd-bd1b-4abc-828a-830ca10d3515,00079675-ce50-4d34-a3ee-1b7229d4b4ad,49,1734336030278082649,1734336030698233649,420
1a1c69bd-bd1b-4abc-828a-830ca10d3515,00079675-ce50-4d34-a3ee-1b7229d4b4ad,50,1734336033342217649,1734336033762108649,420
1a1c69bd-bd1b-4abc-828a-830ca10d3515,00079675-ce50-4d34-a3ee-1b7229d4b4ad,51,1734336037882080649,1734336038222101649,340
1a1c69bd-bd1b-4abc-828a-830ca10d3515,00079675-ce50-4d34-a3ee-1b7229d4b4ad,52,1734336045110067649,1734336045466102649,356
1a1c69bd-bd1b-4abc-828a-830ca10d3515,00079675-ce50-4d34-a3ee-1b7229d4b4ad,53,1734336047622103649,1734336047994078649,372
1a1c69bd-bd1b-4abc-828a-830ca10d3515,00079675-ce50-4d34-a3ee-1b7229d4b4ad,54,1734336050130123649,1734336050530109649,400
1a1c69bd-bd1b-4abc-828a-830ca10d3515,00079675-ce50-4d34-a3ee-1b7229d4b4ad,55,1734336056150145649,1734336056482171649,332
1a1c69bd-bd1b-4abc-828a-830ca10d3515,00079675-ce50-4d34-a3ee-1b7229d4b4ad,56,1734336065110161649,1734336065434117649,324
1a1c69bd-bd1b-4abc-828a-830ca10d3515,00079675-ce50-4d34-a3ee-1b7229d4b4ad,57,1734336087150040649,1734336087482169649,332
1a1c69bd-bd1b-4abc-828a-830ca10d3515,00079675-ce50-4d34-a3ee-1b7229d4b4ad,58,1734336091314074649,1734336091734311649,420
1a1c69bd-bd1b-4abc-828a-830ca10d3515,00079675-ce50-4d34-a3ee-1b7229d4b4ad,59,1734336094230086649,1734336094618098649,388
1a1c69bd-bd1b-4abc-828a-830ca10d3515,00079675-ce50-4d34-a3ee-1b7229d4b4ad,60,1734336101654155649,1734336102070070649,416
1a1c69bd-bd1b-4abc-828a-830ca10d3515,00079675-ce50-4d34-a3ee-1b7229d4b4ad,61,1734336104306070649,1734336104686010649,380
1a1c69bd-bd1b-4abc-828a-830ca10d3515,00079675-ce50-4d34-a3ee-1b7229d4b4ad,62,1734336111954297649,1734336112278060649,324
1a1c69bd-bd1b-4abc-828a-830ca10d3515,00079675-ce50-4d34-a3ee-1b7229d4b4ad,63,1734336114194076649,1734336114582088649,388
1a1c69bd-bd1b-4abc-828a-830ca10d3515,00079675-ce50-4d34-a3ee-1b7229d4b4ad,64,1734336119134440649,1734336119494312649,360
1a1c69bd-bd1b-4abc-828a-830ca10d3515,00079675-ce50-4d34-a3ee-1b7229d4b4ad,65,1734336122570072649,1734336122998026649,428
1a1c69bd-bd1b-4abc-828a-830ca10d3515,00079675-ce50-4d34-a3ee-1b7229d4b4ad,66,1734336124898063649,1734336125282101649,384
1a1c69bd-bd1b-4abc-828a-830ca10d3515,00079675-ce50-4d34-a3ee-1b7229d4b4ad,67,1734336129762280649,1734336130170088649,408
1a1c69bd-bd1b-4abc-828a-830ca10d3515,00079675-ce50-4d34-a3ee-1b7229d4b4ad,68,1734336133858192649,1734336134262072649,404
1a1c69bd-bd1b-4abc-828a-830ca10d3515,00079675-ce50-4d34-a3ee-1b7229d4b4ad,69,1734336137638644649,1734336138082132649,443
1a1c69bd-bd1b-4abc-828a-830ca10d3515,00079675-ce50-4d34-a3ee-1b7229d4b4ad,70,1734336141302051649,1734336141618297649,316
1a1c69bd-bd1b-4abc-828a-830ca10d3515,00079675-ce50-4d34-a3ee-1b7229d4b4ad,71,1734336146942062649,1734336147290654649,349
1a1c69bd-bd1b-4abc-828a-830ca10d3515,00079675-ce50-4d34-a3ee-1b7229d4b4ad,72,1734336147682107649,1734336148086220649,404
1a1c69bd-bd1b-4abc-828a-830ca10d3515,00079675-ce50-4d34-a3ee-1b7229d4b4ad,73,1734336149582097649,1734336149978125649,396
1a1c69bd-bd1b-4abc-828a-830ca10d3515,00079675-ce50-4d34-a3ee-1b7229d4b4ad,74,1734336154706322649,1734336155066107649,360
1a1c69bd-bd1b-4abc-828a-830ca10d3515,00079675-ce50-4d34-a3ee-1b7229d4b4ad,75,1734336162654242649,1734336163042158649,388
1a1c69bd-bd1b-4abc-828a-830ca10d3515,00079675-ce50-4d34-a3ee-1b7229d4b4ad,76,1734336165418294649,1734336165786084649,368
1a1c69bd-bd1b-4abc-828a-830ca10d3515,00079675-ce50-4d34-a3ee-1b7229d4b4ad,77,1734336168310102649,1734336168674276649,364
1a1c69bd-bd1b-4abc-828a-830ca10d3515,00079675-ce50-4d34-a3ee-1b7229d4b4ad,78,1734336169698136649,1734336170082013649,384
1a1c69bd-bd1b-4abc-828a-830ca10d3515,00079675-ce50-4d34-a3ee-1b7229d4b4ad,79,1734336171402090649,1734336171866263649,464
1a1c69bd-bd1b-4abc-828a-830ca10d3515,00079675-ce50-4d34-a3ee-1b7229d4b4ad,80,1734336174758098649,1734336175118142649,360
1a1c69bd-bd1b-4abc-828a-830ca10d3515,00079675-ce50-4d34-a3ee-1b7229d4b4ad,81,1734336178902359649,1734336179286061649,384
1a1c69bd-bd1b-4abc-828a-830ca10d3515,00079675-ce50-4d34-a3ee-1b7229d4b4ad,82,1734336182486078649,1734336182878153649,392
1a1c69bd-bd1b-4abc-828a-830ca10d3515,00079675-ce50-4d34-a3ee-1b7229d4b4ad,83,1734336185206127649,1734336185486093649,280
1a1c69bd-bd1b-4abc-828a-830ca10d3515,00079675-ce50-4d34-a3ee-1b7229d4b4ad,84,1734336188694220649,1734336189074161649,380
1a1c69bd-bd1b-4abc-828a-830ca10d3515,00079675-ce50-4d34-a3ee-1b7229d4b4ad,85,1734336191538172649,1734336191754174649,216
1a1c69bd-bd1b-4abc-828a-830ca10d3515,00079675-ce50-4d34-a3ee-1b7229d4b4ad,86,1734336191758093649,1734336192109995649,352
1a1c69bd-bd1b-4abc-828a-830ca10d3515,00079675-ce50-4d34-a3ee-1b7229d4b4ad,87,1734336197642058649,1734336197910111649,268
1a1c69bd-bd1b-4abc-828a-830ca10d3515,00079675-ce50-4d34-a3ee-1b7229d4b4ad,88,1734336199890081649,1734336200234091649,344
1a1c69bd-bd1b-4abc-828a-830ca10d3515,00079675-ce50-4d34-a3ee-1b7229d4b4ad,89,1734336202298084649,1734336202690104649,392
1a1c69bd-bd1b-4abc-828a-830ca10d3515,00079675-ce50-4d34-a3ee-1b7229d4b4ad,90,1734336209462308649,1734336209886106649,424
1a1c69bd-bd1b-4abc-828a-830ca10d3515,00079675-ce50-4d34-a3ee-1b7229d4b4ad,91,1734336212406069649,1734336212838115649,432
1a1c69bd-bd1b-4abc-828a-830ca10d3515,00079675-ce50-4d34-a3ee-1b7229d4b4ad,92,1734336215238201649,1734336215582113649,344
1a1c69bd-bd1b-4abc-828a-830ca10d3515,00079675-ce50-4d34-a3ee-1b7229d4b4ad,93,1734336217902101649,1734336218250180649,348
1a1c69bd-bd1b-4abc-828a-830ca10d3515,00079675-ce50-4d34-a3ee-1b7229d4b4ad,94,1734336218670068649,1734336219074097649,404
1a1c69bd-bd1b-4abc-828a-830ca10d3515,00079675-ce50-4d34-a3ee-1b7229d4b4ad,95,1734336220621994649,1734336220994080649,372
1a1c69bd-bd1b-4abc-828a-830ca10d3515,00079675-ce50-4d34-a3ee-1b7229d4b4ad,96,1734336228158092649,1734336228502269649,344
1a1c69bd-bd1b-4abc-828a-830ca10d3515,00079675-ce50-4d34-a3ee-1b7229d4b4ad,97,1734336231190090649,1734336231574219649,384
1a1c69bd-bd1b-4abc-828a-830ca10d3515,00079675-ce50-4d34-a3ee-1b7229d4b4ad,98,1734336235094228649,1734336235482070649,388
1a1c69bd-bd1b-4abc-828a-830ca10d3515,00079675-ce50-4d34-a3ee-1b7229d4b4ad,99,1734336240918179649,1734336241250032649,332
1a1c69bd-bd1b-4abc-828a-830ca10d3515,00079675-ce50-4d34-a3ee-1b7229d4b4ad,100,1734336244018118649,1734336244366142649,348
1a1c69bd-bd1b-4abc-828a-830ca10d3515,00079675-ce50-4d34-a3ee-1b7229d4b4ad,101,1734336246246189649,1734336246646112649,400
1a1c69bd-bd1b-4abc-828a-830ca10d3515,00079675-ce50-4d34-a3ee-1b7229d4b4ad,102,1734336249470141649,1734336249838008649,368
1a1c69bd-bd1b-4abc-828a-830ca10d3515,00079675-ce50-4d34-a3ee-1b7229d4b4ad,103,1734336252342182649,1734336252730232649,388
1a1c69bd-bd1b-4abc-828a-830ca10d3515,00079675-ce50-4d34-a3ee-1b7229d4b4ad,104,1734336254386073649,1734336254822070649,436
1a1c69bd-bd1b-4abc-828a-830ca10d3515,00079675-ce50-4d34-a3ee-1b7229d4b4ad,105,1734336257094372649,1734336257477983649,384
1a1c69bd-bd1b-4abc-828a-830ca10d3515,00079675-ce50-4d34-a3ee-1b7229d4b4ad,106,1734336261118224649,1734336261506254649,388
1a1c69bd-bd1b-4abc-828a-830ca10d3515,00079675-ce50-4d34-a3ee-1b7229d4b4ad,107,1734336263166102649,1734336263574160649,408
1a1c69bd-bd1b-4abc-828a-830ca10d3515,00079675-ce50-4d34-a3ee-1b7229d4b4ad,108,1734336266726141649,1734336267126237649,400
1a1c69bd-bd1b-4abc-828a-830ca10d3515,00079675-ce50-4d34-a3ee-1b7229d4b4ad,109,1734336270282063649,1734336270662101649,380
1a1c69bd-bd1b-4abc-828a-830ca10d3515,00079675-ce50-4d34-a3ee-1b7229d4b4ad,110,1734336272290069649,1734336272650114649,360
1a1c69bd-bd1b-4abc-828a-830ca10d3515,00079675-ce50-4d34-a3ee-1b7229d4b4ad,111,1734336274010101649,1734336274358131649,348
1a1c69bd-bd1b-4abc-828a-830ca10d3515,00079675-ce50-4d34-a3ee-1b7229d4b4ad,112,1734336275590103649,1734336276010068649,420
1a1c69bd-bd1b-4abc-828a-830ca10d3515,00079675-ce50-4d34-a3ee-1b7229d4b4ad,113,1734336278614080649,1734336279018086649,404
1a1c69bd-bd1b-4abc-828a-830ca10d3515,00079675-ce50-4d34-a3ee-1b7229d4b4ad,114,1734336282442094649,1734336282862108649,420
1a1c69bd-bd1b-4abc-828a-830ca10d3515,00079675-ce50-4d34-a3ee-1b7229d4b4ad,115,1734336287954399649,1734336288346197649,392
1a1c69bd-bd1b-4abc-828a-830ca10d3515,00079675-ce50-4d34-a3ee-1b7229d4b4ad,116,1734336289806076649,1734336290198242649,392
1a1c69bd-bd1b-4abc-828a-830ca10d3515,00079675-ce50-4d34-a3ee-1b7229d4b4ad,117,1734336291118017649,1734336291498258649,380
1a1c69bd-bd1b-4abc-828a-830ca10d3515,00079675-ce50-4d34-a3ee-1b7229d4b4ad,118,1734336292450103649,1734336292822130649,372
1a1c69bd-bd1b-4abc-828a-830ca10d3515,00079675-ce50-4d34-a3ee-1b7229d4b4ad,119,1734336294098125649,1734336294450070649,352
1a1c69bd-bd1b-4abc-828a-830ca10d3515,00079675-ce50-4d34-a3ee-1b7229d4b4ad,120,1734336298926076649,1734336299306105649,380
1a1c69bd-bd1b-4abc-828a-830ca10d3515,00079675-ce50-4d34-a3ee-1b7229d4b4ad,121,1734336302390173649,1734336302798094649,408
1a1c69bd-bd1b-4abc-828a-830ca10d3515,00079675-ce50-4d34-a3ee-1b7229d4b4ad,122,1734336305262247649,1734336305646127649,384
1a1c69bd-bd1b-4abc-828a-830ca10d3515,00079675-ce50-4d34-a3ee-1b7229d4b4ad,123,1734336320742368649,1734336321093998649,352
1a1c69bd-bd1b-4abc-828a-830ca10d3515,00079675-ce50-4d34-a3ee-1b7229d4b4ad,124,1734336328542069649,1734336328954214649,412
1a1c69bd-bd1b-4abc-828a-830ca10d3515,00079675-ce50-4d34-a3ee-1b7229d4b4ad,125,1734336330670086649,1734336331066107649,396
1a1c69bd-bd1b-4abc-828a-830ca10d3515,00079675-ce50-4d34-a3ee-1b7229d4b4ad,126,1734336336738298649,1734336337210190649,472
1a1c69bd-bd1b-4abc-828a-830ca10d3515,00079675-ce50-4d34-a3ee-1b7229d4b4ad,127,1734336337650071649,1734336338030065649,380
1a1c69bd-bd1b-4abc-828a-830ca10d3515,00079675-ce50-4d34-a3ee-1b7229d4b4ad,128,1734336342114085649,1734336342490070649,376
1a1c69bd-bd1b-4abc-828a-830ca10d3515,00079675-ce50-4d34-a3ee-1b7229d4b4ad,129,1734336344410066649,1734336344814071649,404
1a1c69bd-bd1b-4abc-828a-830ca10d3515,00079675-ce50-4d34-a3ee-1b7229d4b4ad,130,1734336346578120649,1734336346926116649,348
1a1c69bd-bd1b-4abc-828a-830ca10d3515,00079675-ce50-4d34-a3ee-1b7229d4b4ad,131,1734336351534194649,1734336351870286649,336
1a1c69bd-bd1b-4abc-828a-830ca10d3515,00079675-ce50-4d34-a3ee-1b7229d4b4ad,132,1734336354597974649,1734336354974074649,376
1a1c69bd-bd1b-4abc-828a-830ca10d3515,00079675-ce50-4d34-a3ee-1b7229d4b4ad,133,1734336355573998649,1734336356038000649,464
1a1c69bd-bd1b-4abc-828a-830ca10d3515,00079675-ce50-4d34-a3ee-1b7229d4b4ad,134,1734336358322412649,1734336358718062649,396
1a1c69bd-bd1b-4abc-828a-830ca10d3515,00079675-ce50-4d34-a3ee-1b7229d4b4ad,135,1734336366602196649,1734336366958091649,356
1a1c69bd-bd1b-4abc-828a-830ca10d3515,00079675-ce50-4d34-a3ee-1b7229d4b4ad,136,1734336376782034649,1734336377170070649,388
1a1c69bd-bd1b-4abc-828a-830ca10d3515,00079675-ce50-4d34-a3ee-1b7229d4b4ad,137,1734336378754157649,1734336379178021649,424
1a1c69bd-bd1b-4abc-828a-830ca10d3515,00079675-ce50-4d34-a3ee-1b7229d4b4ad,138,1734336382298082649,1734336382694085649,396
1a1c69bd-bd1b-4abc-828a-830ca10d3515,00079675-ce50-4d34-a3ee-1b7229d4b4ad,139,1734336384202086649,1734336384646038649,444
1a1c69bd-bd1b-4abc-828a-830ca10d3515,00079675-ce50-4d34-a3ee-1b7229d4b4ad,140,1734336385314121649,1734336385698156649,384
1a1c69bd-bd1b-4abc-828a-830ca10d3515,00079675-ce50-4d34-a3ee-1b7229d4b4ad,141,1734336388186605649,1734336388538064649,351
1a1c69bd-bd1b-4abc-828a-830ca10d3515,00079675-ce50-4d34-a3ee-1b7229d4b4ad,142,1734336389810094649,1734336390190111649,380
1a1c69bd-bd1b-4abc-828a-830ca10d3515,00079675-ce50-4d34-a3ee-1b7229d4b4ad,143,1734336391446100649,1734336391822078649,376
1a1c69bd-bd1b-4abc-828a-830ca10d3515,00079675-ce50-4d34-a3ee-1b7229d4b4ad,144,1734336394158299649,1734336394554250649,396
1a1c69bd-bd1b-4abc-828a-830ca10d3515,00079675-ce50-4d34-a3ee-1b7229d4b4ad,145,1734336399134221649,1734336399502110649,368
1a1c69bd-bd1b-4abc-828a-830ca10d3515,00079675-ce50-4d34-a3ee-1b7229d4b4ad,146,1734336402394106649,1734336402770139649,376
1a1c69bd-bd1b-4abc-828a-830ca10d3515,00079675-ce50-4d34-a3ee-1b7229d4b4ad,147,1734336415526127649,1734336415874051649,348
1a1c69bd-bd1b-4abc-828a-830ca10d3515,00079675-ce50-4d34-a3ee-1b7229d4b4ad,148,1734336419722102649,1734336420042129649,320
1a1c69bd-bd1b-4abc-828a-830ca10d3515,00079675-ce50-4d34-a3ee-1b7229d4b4ad,149,1734336420910064649,1734336421286237649,376
1a1c69bd-bd1b-4abc-828a-830ca10d3515,00079675-ce50-4d34-a3ee-1b7229d4b4ad,150,1734336424790085649,1734336425166057649,376
1a1c69bd-bd1b-4abc-828a-830ca10d3515,00079675-ce50-4d34-a3ee-1b7229d4b4ad,151,1734336443122108649,1734336443458109649,336
1a1c69bd-bd1b-4abc-828a-830ca10d3515,00079675-ce50-4d34-a3ee-1b7229d4b4ad,152,1734336444234065649,1734336444438091649,204
1a1c69bd-bd1b-4abc-828a-830ca10d3515,00079675-ce50-4d34-a3ee-1b7229d4b4ad,153,1734336444446097649,1734336444814383649,368
1a1c69bd-bd1b-4abc-828a-830ca10d3515,00079675-ce50-4d34-a3ee-1b7229d4b4ad,154,1734336446334103649,1734336446734292649,400
1a1c69bd-bd1b-4abc-828a-830ca10d3515,00079675-ce50-4d34-a3ee-1b7229d4b4ad,155,1734336450398096649,1734336450762115649,364
1a1c69bd-bd1b-4abc-828a-830ca10d3515,00079675-ce50-4d34-a3ee-1b7229d4b4ad,156,1734336451934169649,1734336452330119649,396
1a1c69bd-bd1b-4abc-828a-830ca10d3515,00079675-ce50-4d34-a3ee-1b7229d4b4ad,157,1734336454238083649,1734336454638149649,400
1a1c69bd-bd1b-4abc-828a-830ca10d3515,00079675-ce50-4d34-a3ee-1b7229d4b4ad,158,1734336457614096649,1734336458034069649,420
1a1c69bd-bd1b-4abc-828a-830ca10d3515,00079675-ce50-4d34-a3ee-1b7229d4b4ad,159,1734336463378227649,1734336463742032649,364
1a1c69bd-bd1b-4abc-828a-830ca10d3515,00079675-ce50-4d34-a3ee-1b7229d4b4ad,160,1734336465938071649,1734336466322101649,384
1a1c69bd-bd1b-4abc-828a-830ca10d3515,00079675-ce50-4d34-a3ee-1b7229d4b4ad,161,1734336475194084649,1734336475545952649,352
1a1c69bd-bd1b-4abc-828a-830ca10d3515,00079675-ce50-4d34-a3ee-1b7229d4b4ad,162,1734336476450247649,1734336476834080649,384
1a1c69bd-bd1b-4abc-828a-830ca10d3515,00079675-ce50-4d34-a3ee-1b7229d4b4ad,163,1734336478818353649,1734336479202191649,384
1a1c69bd-bd1b-4abc-828a-830ca10d3515,00079675-ce50-4d34-a3ee-1b7229d4b4ad,164,1734336483270075649,1734336483642156649,372
1a1c69bd-bd1b-4abc-828a-830ca10d3515,00079675-ce50-4d34-a3ee-1b7229d4b4ad,165,1734336487470123649,1734336487838100649,368
1a1c69bd-bd1b-4abc-828a-830ca10d3515,00079675-ce50-4d34-a3ee-1b7229d4b4ad,166,1734336492718200649,1734336493078165649,360
1a1c69bd-bd1b-4abc-828a-830ca10d3515,00079675-ce50-4d34-a3ee-1b7229d4b4ad,167,1734336498714251649,1734336499126208649,412
1a1c69bd-bd1b-4abc-828a-830ca10d3515,00079675-ce50-4d34-a3ee-1b7229d4b4ad,168,1734336499614167649,1734336500002089649,388
1a1c69bd-bd1b-4abc-828a-830ca10d3515,00079675-ce50-4d34-a3ee-1b7229d4b4ad,169,1734336501094046649,1734336501538103649,444
1a1c69bd-bd1b-4abc-828a-830ca10d3515,00079675-ce50-4d34-a3ee-1b7229d4b4ad,170,1734336508734024649,1734336509094069649,360
1a1c69bd-bd1b-4abc-828a-830ca10d3515,00079675-ce50-4d34-a3ee-1b7229d4b4ad,171,1734336510086073649,1734336510470046649,384
1a1c69bd-bd1b-4abc-828a-830ca10d3515,00079675-ce50-4d34-a3ee-1b7229d4b4ad,172,1734336512413949649,1734336512778145649,364
1a1c69bd-bd1b-4abc-828a-830ca10d3515,00079675-ce50-4d34-a3ee-1b7229d4b4ad,173,1734336515642017649,1734336516014545649,373
1a1c69bd-bd1b-4abc-828a-830ca10d3515,00079675-ce50-4d34-a3ee-1b7229d4b4ad,174,1734336516386077649,1734336516774037649,388
1a1c69bd-bd1b-4abc-828a-830ca10d3515,00079675-ce50-4d34-a3ee-1b7229d4b4ad,175,1734336518858124649,1734336519234094649,376
1a1c69bd-bd1b-4abc-828a-830ca10d3515,00079675-ce50-4d34-a3ee-1b7229d4b4ad,176,1734336522318242649,1734336522702078649,384
1a1c69bd-bd1b-4abc-828a-830ca10d3515,00079675-ce50-4d34-a3ee-1b7229d4b4ad,177,1734336526974076649,1734336527378066649,404
1a1c69bd-bd1b-4abc-828a-830ca10d3515,00079675-ce50-4d34-a3ee-1b7229d4b4ad,178,1734336528914104649,1734336529302268649,388
1a1c69bd-bd1b-4abc-828a-830ca10d3515,00079675-ce50-4d34-a3ee-1b7229d4b4ad,179,1734336531854198649,1734336532254072649,400
1a1c69bd-bd1b-4abc-828a-830ca10d3515,00079675-ce50-4d34-a3ee-1b7229d4b4ad,180,1734336532950190649,1734336533342064649,392
1a1c69bd-bd1b-4abc-828a-830ca10d3515,00079675-ce50-4d34-a3ee-1b7229d4b4ad,181,1734336535294221649,1734336535706101649,412
1a1c69bd-bd1b-4abc-828a-830ca10d3515,00079675-ce50-4d34-a3ee-1b7229d4b4ad,182,1734336537626135649,1734336538046135649,420
1a1c69bd-bd1b-4abc-828a-830ca10d3515,00079675-ce50-4d34-a3ee-1b7229d4b4ad,183,1734336539278093649,1734336539694068649,416
1a1c69bd-bd1b-4abc-828a-830ca10d3515,00079675-ce50-4d34-a3ee-1b7229d4b4ad,184,1734336541966173649,1734336542374064649,408
1a1c69bd-bd1b-4abc-828a-830ca10d3515,00079675-ce50-4d34-a3ee-1b7229d4b4ad,185,1734336559606177649,1734336559938103649,332
1a1c69bd-bd1b-4abc-828a-830ca10d3515,00079675-ce50-4d34-a3ee-1b7229d4b4ad,186,1734336561674209649,1734336561930087649,256
1a1c69bd-bd1b-4abc-828a-830ca10d3515,00079675-ce50-4d34-a3ee-1b7229d4b4ad,187,1734336571598092649,1734336571982075649,384
1a1c69bd-bd1b-4abc-828a-830ca10d3515,00079675-ce50-4d34-a3ee-1b7229d4b4ad,188,1734336572578096649,1734336573178167649,600
1a1c69bd-bd1b-4abc-828a-830ca10d3515,00079675-ce50-4d34-a3ee-1b7229d4b4ad,189,1734336578501988649,1734336578830154649,328
1a1c69bd-bd1b-4abc-828a-830ca10d3515,00079675-ce50-4d34-a3ee-1b7229d4b4ad,190,1734336580358101649,1734336580718117649,360
1a1c69bd-bd1b-4abc-828a-830ca10d3515,00079675-ce50-4d34-a3ee-1b7229d4b4ad,191,1734336586906031649,1734336587306071649,400
1a1c69bd-bd1b-4abc-828a-830ca10d3515,00079675-ce50-4d34-a3ee-1b7229d4b4ad,192,1734336591046021649,1734336591446258649,400
1a1c69bd-bd1b-4abc-828a-830ca10d3515,00079675-ce50-4d34-a3ee-1b7229d4b4ad,193,1734336595286134649,1734336595726067649,440
1a1c69bd-bd1b-4abc-828a-830ca10d3515,00079675-ce50-4d34-a3ee-1b7229d4b4ad,194,1734336596650222649,1734336597030082649,380
1a1c69bd-bd1b-4abc-828a-830ca10d3515,00079675-ce50-4d34-a3ee-1b7229d4b4ad,195,1734336604450136649,1734336604926200649,476
1a1c69bd-bd1b-4abc-828a-830ca10d3515,00079675-ce50-4d34-a3ee-1b7229d4b4ad,196,1734336612326068649,1734336612670084649,344
1a1c69bd-bd1b-4abc-828a-830ca10d3515,00079675-ce50-4d34-a3ee-1b7229d4b4ad,197,1734336616550276649,1734336616922142649,372
1a1c69bd-bd1b-4abc-828a-830ca10d3515,00079675-ce50-4d34-a3ee-1b7229d4b4ad,198,1734336623194112649,1734336623510058649,316
1a1c69bd-bd1b-4abc-828a-830ca10d3515,00079675-ce50-4d34-a3ee-1b7229d4b4ad,199,1734336625266065649,1734336625642219649,376
1a1c69bd-bd1b-4abc-828a-830ca10d3515,00079675-ce50-4d34-a3ee-1b7229d4b4ad,200,1734336635358053649,1734336635566064649,208
1a1c69bd-bd1b-4abc-828a-830ca10d3515,00079675-ce50-4d34-a3ee-1b7229d4b4ad,201,1734336636046163649,1734336636362008649,316
1a1c69bd-bd1b-4abc-828a-830ca10d3515,00079675-ce50-4d34-a3ee-1b7229d4b4ad,202,1734336638278380649,1734336638618116649,340
1a1c69bd-bd1b-4abc-828a-830ca10d3515,00079675-ce50-4d34-a3ee-1b7229d4b4ad,203,1734336639350098649,1734336639710327649,360
1a1c69bd-bd1b-4abc-828a-830ca10d3515,00079675-ce50-4d34-a3ee-1b7229d4b4ad,204,1734336643506145649,1734336643898086649,392
1a1c69bd-bd1b-4abc-828a-830ca10d3515,00079675-ce50-4d34-a3ee-1b7229d4b4ad,205,1734336650194092649,1734336650610082649,416
1a1c69bd-bd1b-4abc-828a-830ca10d3515,00079675-ce50-4d34-a3ee-1b7229d4b4ad,206,1734336657586074649,1734336657966087649,380
1a1c69bd-bd1b-4abc-828a-830ca10d3515,00079675-ce50-4d34-a3ee-1b7229d4b4ad,207,1734336665530106649,1734336665866064649,336
1a1c69bd-bd1b-4abc-828a-830ca10d3515,00079675-ce50-4d34-a3ee-1b7229d4b4ad,208,1734336679526231649,1734336679798016649,272
1a1c69bd-bd1b-4abc-828a-830ca10d3515,00079675-ce50-4d34-a3ee-1b7229d4b4ad,209,1734336681566559649,1734336681990105649,424
1a1c69bd-bd1b-4abc-828a-830ca10d3515,00079675-ce50-4d34-a3ee-1b7229d4b4ad,210,1734336688058074649,1734336688438066649,380
1a1c69bd-bd1b-4abc-828a-830ca10d3515,00079675-ce50-4d34-a3ee-1b7229d4b4ad,211,1734336704302085649,1734336704654285649,352
1a1c69bd-bd1b-4abc-828a-830ca10d3515,00079675-ce50-4d34-a3ee-1b7229d4b4ad,212,1734336705762107649,1734336706146071649,384
1a1c69bd-bd1b-4abc-828a-830ca10d3515,00079675-ce50-4d34-a3ee-1b7229d4b4ad,213,1734336706502088649,1734336706862967649,361
1a1c69bd-bd1b-4abc-828a-830ca10d3515,00079675-ce50-4d34-a3ee-1b7229d4b4ad,214,1734336707594103649,1734336708022073649,428
1a1c69bd-bd1b-4abc-828a-830ca10d3515,00079675-ce50-4d34-a3ee-1b7229d4b4ad,215,1734336715994105649,1734336716378186649,384
1a1c69bd-bd1b-4abc-828a-830ca10d3515,00079675-ce50-4d34-a3ee-1b7229d4b4ad,216,1734336718562011649,1734336718990166649,428
1a1c69bd-bd1b-4abc-828a-830ca10d3515,00079675-ce50-4d34-a3ee-1b7229d4b4ad,217,1734336720718086649,1734336721098098649,380
1a1c69bd-bd1b-4abc-828a-830ca10d3515,00079675-ce50-4d34-a3ee-1b7229d4b4ad,218,1734336721302079649,1734336721689965649,388
1a1c69bd-bd1b-4abc-828a-830ca10d3515,00079675-ce50-4d34-a3ee-1b7229d4b4ad,219,1734336724422121649,1734336724826094649,404
1a1c69bd-bd1b-4abc-828a-830ca10d3515,00079675-ce50-4d34-a3ee-1b7229d4b4ad,220,1734336727374110649,1734336727802150649,428
1a1c69bd-bd1b-4abc-828a-830ca10d3515,00079675-ce50-4d34-a3ee-1b7229d4b4ad,221,1734336728390074649,1734336728734087649,344
1a1c69bd-bd1b-4abc-828a-830ca10d3515,00079675-ce50-4d34-a3ee-1b7229d4b4ad,222,1734336737382106649,1734336737718079649,336
1a1c69bd-bd1b-4abc-828a-830ca10d3515,00079675-ce50-4d34-a3ee-1b7229d4b4ad,223,1734336745794132649,1734336746186077649,392
1a1c69bd-bd1b-4abc-828a-830ca10d3515,00079675-ce50-4d34-a3ee-1b7229d4b4ad,224,1734336753190199649,1734336753566116649,376
1a1c69bd-bd1b-4abc-828a-830ca10d3515,00079675-ce50-4d34-a3ee-1b7229d4b4ad,225,1734336757506281649,1734336757874296649,368
1a1c69bd-bd1b-4abc-828a-830ca10d3515,00079675-ce50-4d34-a3ee-1b7229d4b4ad,226,1734336762366085649,1734336762726290649,360
1a1c69bd-bd1b-4abc-828a-830ca10d3515,00079675-ce50-4d34-a3ee-1b7229d4b4ad,227,1734336764490214649,1734336764878080649,388
1a1c69bd-bd1b-4abc-828a-830ca10d3515,00079675-ce50-4d34-a3ee-1b7229d4b4ad,228,1734336772021986649,1734336772366081649,344
1a1c69bd-bd1b-4abc-828a-830ca10d3515,00079675-ce50-4d34-a3ee-1b7229d4b4ad,229,1734336774502161649,1734336774886108649,384
1a1c69bd-bd1b-4abc-828a-830ca10d3515,00079675-ce50-4d34-a3ee-1b7229d4b4ad,230,1734336776874012649,1734336777282035649,408
1a1c69bd-bd1b-4abc-828a-830ca10d3515,00079675-ce50-4d34-a3ee-1b7229d4b4ad,231,1734336780178125649,1734336780535672649,358
1a1c69bd-bd1b-4abc-828a-830ca10d3515,00079675-ce50-4d34-a3ee-1b7229d4b4ad,232,1734336781858187649,1734336782254090649,396
1a1c69bd-bd1b-4abc-828a-830ca10d3515,00079675-ce50-4d34-a3ee-1b7229d4b4ad,233,1734336785602288649,1734336785982022649,380
1a1c69bd-bd1b-4abc-828a-830ca10d3515,00079675-ce50-4d34-a3ee-1b7229d4b4ad,234,1734336787098046649,1734336787510280649,412
1a1c69bd-bd1b-4abc-828a-830ca10d3515,00079675-ce50-4d34-a3ee-1b7229d4b4ad,235,1734336787770088649,1734336788174131649,404
1a1c69bd-bd1b-4abc-828a-830ca10d3515,00079675-ce50-4d34-a3ee-1b7229d4b4ad,236,1734336789210073649,1734336789602085649,392
1a1c69bd-bd1b-4abc-828a-830ca10d3515,00079675-ce50-4d34-a3ee-1b7229d4b4ad,237,1734336792606201649,1734336793022095649,416
1a1c69bd-bd1b-4abc-828a-830ca10d3515,00079675-ce50-4d34-a3ee-1b7229d4b4ad,238,1734336793962038649,1734336794337986649,376
1a1c69bd-bd1b-4abc-828a-830ca10d3515,00079675-ce50-4d34-a3ee-1b7229d4b4ad,239,1734336798242135649,1734336798662019649,420
1a1c69bd-bd1b-4abc-828a-830ca10d3515,00079675-ce50-4d34-a3ee-1b7229d4b4ad,240,1734336801606101649,1734336802014217649,408
1a1c69bd-bd1b-4abc-828a-830ca10d3515,00079675-ce50-4d34-a3ee-1b7229d4b4ad,241,1734336809058202649,1734336809434098649,376
1a1c69bd-bd1b-4abc-828a-830ca10d3515,00079675-ce50-4d34-a3ee-1b7229d4b4ad,242,1734336814090262649,1734336814446098649,356
1a1c69bd-bd1b-4abc-828a-830ca10d3515,00079675-ce50-4d34-a3ee-1b7229d4b4ad,243,1734336832642235649,1734336832938134649,296
1a1c69bd-bd1b-4abc-828a-830ca10d3515,00079675-ce50-4d34-a3ee-1b7229d4b4ad,244,1734336835258111649,1734336835646059649,388
1a1c69bd-bd1b-4abc-828a-830ca10d3515,00079675-ce50-4d34-a3ee-1b7229d4b4ad,245,1734336836938387649,1734336837398186649,460
1a1c69bd-bd1b-4abc-828a-830ca10d3515,00079675-ce50-4d34-a3ee-1b7229d4b4ad,246,1734336839042010649,1734336839426113649,384
1a1c69bd-bd1b-4abc-828a-830ca10d3515,00079675-ce50-4d34-a3ee-1b7229d4b4ad,247,1734336844566184649,1734336844914083649,348
1a1c69bd-bd1b-4abc-828a-830ca10d3515,00079675-ce50-4d34-a3ee-1b7229d4b4ad,248,1734336846110077649,1734336846522137649,412
1a1c69bd-bd1b-4abc-828a-830ca10d3515,00079675-ce50-4d34-a3ee-1b7229d4b4ad,249,1734336847182127649,1734336847598075649,416
1a1c69bd-bd1b-4abc-828a-830ca10d3515,00079675-ce50-4d34-a3ee-1b7229d4b4ad,250,1734336852710119649,1734336853126124649,416
1a1c69bd-bd1b-4abc-828a-830ca10d3515,00079675-ce50-4d34-a3ee-1b7229d4b4ad,251,1734336857898042649,1734336858294126649,396
1a1c69bd-bd1b-4abc-828a-830ca10d3515,00079675-ce50-4d34-a3ee-1b7229d4b4ad,252,1734336859670061649,1734336860094092649,424
1a1c69bd-bd1b-4abc-828a-830ca10d3515,00079675-ce50-4d34-a3ee-1b7229d4b4ad,253,1734336860846085649,1734336861290074649,444
1a1c69bd-bd1b-4abc-828a-830ca10d3515,00079675-ce50-4d34-a3ee-1b7229d4b4ad,254,1734336861350085649,1734336861650087649,300
1a1c69bd-bd1b-4abc-828a-830ca10d3515,00079675-ce50-4d34-a3ee-1b7229d4b4ad,255,1734336868442032649,1734336868806185649,364
1a1c69bd-bd1b-4abc-828a-830ca10d3515,00079675-ce50-4d34-a3ee-1b7229d4b4ad,256,1734336868826082649,1734336869138094649,312
1a1c69bd-bd1b-4abc-828a-830ca10d3515,00079675-ce50-4d34-a3ee-1b7229d4b4ad,257,1734336869650070649,1734336870038212649,388
1a1c69bd-bd1b-4abc-828a-830ca10d3515,00079675-ce50-4d34-a3ee-1b7229d4b4ad,258,1734336872214083649,1734336872574116649,360
1a1c69bd-bd1b-4abc-828a-830ca10d3515,00079675-ce50-4d34-a3ee-1b7229d4b4ad,259,1734336873022103649,1734336873438084649,416
1a1c69bd-bd1b-4abc-828a-830ca10d3515,00079675-ce50-4d34-a3ee-1b7229d4b4ad,260,1734336874134071649,1734336874498164649,364
1a1c69bd-bd1b-4abc-828a-830ca10d3515,00079675-ce50-4d34-a3ee-1b7229d4b4ad,261,1734336875278204649,1734336875654353649,376
1a1c69bd-bd1b-4abc-828a-830ca10d3515,00079675-ce50-4d34-a3ee-1b7229d4b4ad,262,1734336877022277649,1734336877526086649,504
1a1c69bd-bd1b-4abc-828a-830ca10d3515,00079675-ce50-4d34-a3ee-1b7229d4b4ad,263,1734336880090593649,1734336880486062649,395
1a1c69bd-bd1b-4abc-828a-830ca10d3515,00079675-ce50-4d34-a3ee-1b7229d4b4ad,264,1734336880642096649,1734336881078099649,436
1a1c69bd-bd1b-4abc-828a-830ca10d3515,00079675-ce50-4d34-a3ee-1b7229d4b4ad,265,1734336882050097649,1734336882518250649,468
1a1c69bd-bd1b-4abc-828a-830ca10d3515,00079675-ce50-4d34-a3ee-1b7229d4b4ad,266,1734336883834087649,1734336884162059649,328
1a1c69bd-bd1b-4abc-828a-830ca10d3515,00079675-ce50-4d34-a3ee-1b7229d4b4ad,267,1734336884166106649,1734336884582032649,416
1a1c69bd-bd1b-4abc-828a-830ca10d3515,00079675-ce50-4d34-a3ee-1b7229d4b4ad,268,1734336888282043649,1734336888650079649,368
1a1c69bd-bd1b-4abc-828a-830ca10d3515,00079675-ce50-4d34-a3ee-1b7229d4b4ad,269,1734336889458020649,1734336889830042649,372
1a1c69bd-bd1b-4abc-828a-830ca10d3515,00079675-ce50-4d34-a3ee-1b7229d4b4ad,270,1734336890886142649,1734336891270102649,384
1a1c69bd-bd1b-4abc-828a-830ca10d3515,00079675-ce50-4d34-a3ee-1b7229d4b4ad,271,1734336891494113649,1734336891850334649,356
1a1c69bd-bd1b-4abc-828a-830ca10d3515,00079675-ce50-4d34-a3ee-1b7229d4b4ad,272,1734336891858041649,1734336892322123649,464
1a1c69bd-bd1b-4abc-828a-830ca10d3515,00079675-ce50-4d34-a3ee-1b7229d4b4ad,273,1734336897482156649,1734336897850163649,368
1a1c69bd-bd1b-4abc-828a-830ca10d3515,00079675-ce50-4d34-a3ee-1b7229d4b4ad,274,1734336898970087649,1734336899386081649,416
1a1c69bd-bd1b-4abc-828a-830ca10d3515,00079675-ce50-4d34-a3ee-1b7229d4b4ad,275,1734336900422005649,1734336900838005649,416
1a1c69bd-bd1b-4abc-828a-830ca10d3515,00079675-ce50-4d34-a3ee-1b7229d4b4ad,276,1734336902166203649,1734336902582067649,416
1a1c69bd-bd1b-4abc-828a-830ca10d3515,00079675-ce50-4d34-a3ee-1b7229d4b4ad,277,1734336905294105649,1734336905714148649,420
1a1c69bd-bd1b-4abc-828a-830ca10d3515,00079675-ce50-4d34-a3ee-1b7229d4b4ad,278,1734336908750162649,1734336909142087649,392
1a1c69bd-bd1b-4abc-828a-830ca10d3515,00079675-ce50-4d34-a3ee-1b7229d4b4ad,279,1734336911290163649,1734336911726078649,436
1a1c69bd-bd1b-4abc-828a-830ca10d3515,00079675-ce50-4d34-a3ee-1b7229d4b4ad,280,1734336913658432649,1734336913974138649,316
1a1c69bd-bd1b-4abc-828a-830ca10d3515,00079675-ce50-4d34-a3ee-1b7229d4b4ad,281,1734336915818220649,1734336916166072649,348
1a1c69bd-bd1b-4abc-828a-830ca10d3515,00079675-ce50-4d34-a3ee-1b7229d4b4ad,282,1734336917826120649,1734336918242120649,416
1a1c69bd-bd1b-4abc-828a-830ca10d3515,00079675-ce50-4d34-a3ee-1b7229d4b4ad,283,1734336919742048649,1734336920078063649,336
1a1c69bd-bd1b-4abc-828a-830ca10d3515,00079675-ce50-4d34-a3ee-1b7229d4b4ad,284,1734336921290165649,1734336921730634649,440
1a1c69bd-bd1b-4abc-828a-830ca10d3515,00079675-ce50-4d34-a3ee-1b7229d4b4ad,285,1734336925010107649,1734336925446157649,436
1a1c69bd-bd1b-4abc-828a-830ca10d3515,00079675-ce50-4d34-a3ee-1b7229d4b4ad,286,1734336928794190649,1734336929026180649,232
1a1c69bd-bd1b-4abc-828a-830ca10d3515,00079675-ce50-4d34-a3ee-1b7229d4b4ad,287,1734336930702077649,1734336931082130649,380
1a1c69bd-bd1b-4abc-828a-830ca10d3515,00079675-ce50-4d34-a3ee-1b7229d4b4ad,288,1734336933862058649,1734336934226102649,364
1a1c69bd-bd1b-4abc-828a-830ca10d3515,00079675-ce50-4d34-a3ee-1b7229d4b4ad,289,1734336934470084649,1734336934806220649,336
1a1c69bd-bd1b-4abc-828a-830ca10d3515,00079675-ce50-4d34-a3ee-1b7229d4b4ad,290,1734336936106171649,1734336936446088649,340
1a1c69bd-bd1b-4abc-828a-830ca10d3515,00079675-ce50-4d34-a3ee-1b7229d4b4ad,291,1734336938218107649,1734336938634149649,416
1a1c69bd-bd1b-4abc-828a-830ca10d3515,00079675-ce50-4d34-a3ee-1b7229d4b4ad,292,1734336949390382649,1734336949726083649,336
1a1c69bd-bd1b-4abc-828a-830ca10d3515,00079675-ce50-4d34-a3ee-1b7229d4b4ad,293,1734336959110175649,1734336959386134649,276
1a1c69bd-bd1b-4abc-828a-830ca10d3515,00079675-ce50-4d34-a3ee-1b7229d4b4ad,294,1734336959550086649,1734336959782093649,232
1a1c69bd-bd1b-4abc-828a-830ca10d3515,00079675-ce50-4d34-a3ee-1b7229d4b4ad,295,1734336963410020649,1734336963790079649,380
1a1c69bd-bd1b-4abc-828a-830ca10d3515,00079675-ce50-4d34-a3ee-1b7229d4b4ad,296,1734336965970050649,1734336966418161649,448
1a1c69bd-bd1b-4abc-828a-830ca10d3515,00079675-ce50-4d34-a3ee-1b7229d4b4ad,297,1734336968458084649,1734336968898082649,440
1a1c69bd-bd1b-4abc-828a-830ca10d3515,00079675-ce50-4d34-a3ee-1b7229d4b4ad,298,1734336970370088649,1734336970754266649,384
1a1c69bd-bd1b-4abc-828a-830ca10d3515,00079675-ce50-4d34-a3ee-1b7229d4b4ad,299,1734336973862087649,1734336974278121649,416
1a1c69bd-bd1b-4abc-828a-830ca10d3515,00079675-ce50-4d34-a3ee-1b7229d4b4ad,300,1734336976766090649,1734336977182211649,416
1a1c69bd-bd1b-4abc-828a-830ca10d3515,00079675-ce50-4d34-a3ee-1b7229d4b4ad,301,1734336981042232649,1734336981402168649,360
1a1c69bd-bd1b-4abc-828a-830ca10d3515,00079675-ce50-4d34-a3ee-1b7229d4b4ad,302,1734336984902099649,1734336985282089649,380
1a1c69bd-bd1b-4abc-828a-830ca10d3515,00079675-ce50-4d34-a3ee-1b7229d4b4ad,303,1734336986710122649,1734336987066092649,356
1a1c69bd-bd1b-4abc-828a-830ca10d3515,00079675-ce50-4d34-a3ee-1b7229d4b4ad,304,1734336992462145649,1734336992830057649,368
1a1c69bd-bd1b-4abc-828a-830ca10d3515,00079675-ce50-4d34-a3ee-1b7229d4b4ad,305,1734336999198083649,1734336999546070649,348
1a1c69bd-bd1b-4abc-828a-830ca10d3515,00079675-ce50-4d34-a3ee-1b7229d4b4ad,306,1734337000594144649,1734337000953983649,360
1a1c69bd-bd1b-4abc-828a-830ca10d3515,00079675-ce50-4d34-a3ee-1b7229d4b4ad,307,1734337004662122649,1734337005026106649,364
1a1c69bd-bd1b-4abc-828a-830ca10d3515,00079675-ce50-4d34-a3ee-1b7229d4b4ad,308,1734337007102007649,1734337007486071649,384
1a1c69bd-bd1b-4abc-828a-830ca10d3515,00079675-ce50-4d34-a3ee-1b7229d4b4ad,309,1734337009550144649,1734337009942062649,392
1a1c69bd-bd1b-4abc-828a-830ca10d3515,00079675-ce50-4d34-a3ee-1b7229d4b4ad,310,1734337011774057649,1734337012154465649,380
1a1c69bd-bd1b-4abc-828a-830ca10d3515,00079675-ce50-4d34-a3ee-1b7229d4b4ad,311,1734337012810230649,1734337013194221649,384
1a1c69bd-bd1b-4abc-828a-830ca10d3515,00079675-ce50-4d34-a3ee-1b7229d4b4ad,312,1734337014202121649,1734337014602041649,400
1a1c69bd-bd1b-4abc-828a-830ca10d3515,00079675-ce50-4d34-a3ee-1b7229d4b4ad,313,1734337020926103649,1734337021310080649,384
1a1c69bd-bd1b-4abc-828a-830ca10d3515,00079675-ce50-4d34-a3ee-1b7229d4b4ad,314,1734337022662049649,1734337023038076649,376
1a1c69bd-bd1b-4abc-828a-830ca10d3515,00079675-ce50-4d34-a3ee-1b7229d4b4ad,315,1734337027282284649,1734337027654081649,372
1a1c69bd-bd1b-4abc-828a-830ca10d3515,00079675-ce50-4d34-a3ee-1b7229d4b4ad,316,1734337028374095649,1734337028750047649,376
1a1c69bd-bd1b-4abc-828a-830ca10d3515,00079675-ce50-4d34-a3ee-1b7229d4b4ad,317,1734337029546103649,1734337029978063649,432
1a1c69bd-bd1b-4abc-828a-830ca10d3515,00079675-ce50-4d34-a3ee-1b7229d4b4ad,318,1734337030898066649,1734337031274092649,376
1a1c69bd-bd1b-4abc-828a-830ca10d3515,00079675-ce50-4d34-a3ee-1b7229d4b4ad,319,1734337035946013649,1734337036326017649,380
1a1c69bd-bd1b-4abc-828a-830ca10d3515,00079675-ce50-4d34-a3ee-1b7229d4b4ad,320,1734337038218085649,1734337038542080649,324
1a1c69bd-bd1b-4abc-828a-830ca10d3515,00079675-ce50-4d34-a3ee-1b7229d4b4ad,321,1734337039210078649,1734337039570077649,360
1a1c69bd-bd1b-4abc-828a-830ca10d3515,00079675-ce50-4d34-a3ee-1b7229d4b4ad,322,1734337040606377649,1734337040998107649,392
1a1c69bd-bd1b-4abc-828a-830ca10d3515,00079675-ce50-4d34-a3ee-1b7229d4b4ad,323,1734337043166123649,1734337043558081649,392
1a1c69bd-bd1b-4abc-828a-830ca10d3515,00079675-ce50-4d34-a3ee-1b7229d4b4ad,324,1734337049398110649,1734337049814088649,416
1a1c69bd-bd1b-4abc-828a-830ca10d3515,00079675-ce50-4d34-a3ee-1b7229d4b4ad,325,1734337050930045649,1734337051270085649,340
1a1c69bd-bd1b-4abc-828a-830ca10d3515,00079675-ce50-4d34-a3ee-1b7229d4b4ad,326,1734337058410374649,1734337058846069649,436
1a1c69bd-bd1b-4abc-828a-830ca10d3515,00079675-ce50-4d34-a3ee-1b7229d4b4ad,327,1734337060714182649,1734337061094082649,380
1a1c69bd-bd1b-4abc-828a-830ca10d3515,00079675-ce50-4d34-a3ee-1b7229d4b4ad,328,1734337065534075649,1734337065926152649,392
1a1c69bd-bd1b-4abc-828a-830ca10d3515,00079675-ce50-4d34-a3ee-1b7229d4b4ad,329,1734337067102114649,1734337067482182649,380
1a1c69bd-bd1b-4abc-828a-830ca10d3515,00079675-ce50-4d34-a3ee-1b7229d4b4ad,330,1734337068458091649,1734337068874117649,416
1a1c69bd-bd1b-4abc-828a-830ca10d3515,00079675-ce50-4d34-a3ee-1b7229d4b4ad,331,1734337073746086649,1734337074150119649,404
1a1c69bd-bd1b-4abc-828a-830ca10d3515,00079675-ce50-4d34-a3ee-1b7229d4b4ad,332,1734337088730372649,1734337089038111649,308
1a1c69bd-bd1b-4abc-828a-830ca10d3515,00079675-ce50-4d34-a3ee-1b7229d4b4ad,333,1734337098218121649,1734337098550093649,332
1a1c69bd-bd1b-4abc-828a-830ca10d3515,00079675-ce50-4d34-a3ee-1b7229d4b4ad,334,1734337100538097649,1734337100926096649,388
1a1c69bd-bd1b-4abc-828a-830ca10d3515,00079675-ce50-4d34-a3ee-1b7229d4b4ad,335,1734337102321998649,1734337102762062649,440
1a1c69bd-bd1b-4abc-828a-830ca10d3515,00079675-ce50-4d34-a3ee-1b7229d4b4ad,336,1734337103770102649,1734337104178062649,408
1a1c69bd-bd1b-4abc-828a-830ca10d3515,00079675-ce50-4d34-a3ee-1b7229d4b4ad,337,1734337107734072649,1734337108086061649,352
1a1c69bd-bd1b-4abc-828a-830ca10d3515,00079675-ce50-4d34-a3ee-1b7229d4b4ad,338,1734337114502079649,1734337114914075649,412
1a1c69bd-bd1b-4abc-828a-830ca10d3515,00079675-ce50-4d34-a3ee-1b7229d4b4ad,339,1734337116550099649,1734337116930085649,380
1a1c69bd-bd1b-4abc-828a-830ca10d3515,00079675-ce50-4d34-a3ee-1b7229d4b4ad,340,1734337118418179649,1734337118794077649,376
1a1c69bd-bd1b-4abc-828a-830ca10d3515,00079675-ce50-4d34-a3ee-1b7229d4b4ad,341,1734337120882086649,1734337121230088649,348
1a1c69bd-bd1b-4abc-828a-830ca10d3515,00079675-ce50-4d34-a3ee-1b7229d4b4ad,342,1734337126206039649,1734337126598081649,392
1a1c69bd-bd1b-4abc-828a-830ca10d3515,00079675-ce50-4d34-a3ee-1b7229d4b4ad,343,1734337129614211649,1734337129986149649,372
1a1c69bd-bd1b-4abc-828a-830ca10d3515,00079675-ce50-4d34-a3ee-1b7229d4b4ad,344,1734337130522089649,1734337130950078649,428
1a1c69bd-bd1b-4abc-828a-830ca10d3515,00079675-ce50-4d34-a3ee-1b7229d4b4ad,345,1734337133110082649,1734337133498094649,388
1a1c69bd-bd1b-4abc-828a-830ca10d3515,00079675-ce50-4d34-a3ee-1b7229d4b4ad,346,1734337135610091649,1734337135982020649,372
1a1c69bd-bd1b-4abc-828a-830ca10d3515,00079675-ce50-4d34-a3ee-1b7229d4b4ad,347,1734337147242191649,1734337147686193649,444
1a1c69bd-bd1b-4abc-828a-830ca10d3515,00079675-ce50-4d34-a3ee-1b7229d4b4ad,348,1734337156782082649,1734337157134167649,352
1a1c69bd-bd1b-4abc-828a-830ca10d3515,00079675-ce50-4d34-a3ee-1b7229d4b4ad,349,1734337160298105649,1734337160690056649,392
1a1c69bd-bd1b-4abc-828a-830ca10d3515,00079675-ce50-4d34-a3ee-1b7229d4b4ad,350,1734337163022110649,1734337163410096649,388
1a1c69bd-bd1b-4abc-828a-830ca10d3515,00079675-ce50-4d34-a3ee-1b7229d4b4ad,351,1734337164918135649,1734337165270194649,352
1a1c69bd-bd1b-4abc-828a-830ca10d3515,00079675-ce50-4d34-a3ee-1b7229d4b4ad,352,1734337166134099649,1734337166526082649,392
1a1c69bd-bd1b-4abc-828a-830ca10d3515,00079675-ce50-4d34-a3ee-1b7229d4b4ad,353,1734337169426517649,1734337169826157649,400
1a1c69bd-bd1b-4abc-828a-830ca10d3515,00079675-ce50-4d34-a3ee-1b7229d4b4ad,354,1734337172957953649,1734337173330244649,372
1a1c69bd-bd1b-4abc-828a-830ca10d3515,00079675-ce50-4d34-a3ee-1b7229d4b4ad,355,1734337174150067649,1734337174570071649,420
1a1c69bd-bd1b-4abc-828a-830ca10d3515,00079675-ce50-4d34-a3ee-1b7229d4b4ad,356,1734337176342286649,1734337176754185649,412
1a1c69bd-bd1b-4abc-828a-830ca10d3515,00079675-ce50-4d34-a3ee-1b7229d4b4ad,357,1734337182482016649,1734337182878034649,396
1a1c69bd-bd1b-4abc-828a-830ca10d3515,00079675-ce50-4d34-a3ee-1b7229d4b4ad,358,1734337184350253649,1734337184746084649,396
1a1c69bd-bd1b-4abc-828a-830ca10d3515,00079675-ce50-4d34-a3ee-1b7229d4b4ad,359,1734337190494189649,1734337190906193649,412
1a1c69bd-bd1b-4abc-828a-830ca10d3515,00079675-ce50-4d34-a3ee-1b7229d4b4ad,360,1734337193146042649,1734337193510131649,364
1a1c69bd-bd1b-4abc-828a-830ca10d3515,00079675-ce50-4d34-a3ee-1b7229d4b4ad,361,1734337194334107649,1734337194674151649,340
1a1c69bd-bd1b-4abc-828a-830ca10d3515,00079675-ce50-4d34-a3ee-1b7229d4b4ad,362,1734337199118104649,1734337199418041649,300
1a1c69bd-bd1b-4abc-828a-830ca10d3515,00079675-ce50-4d34-a3ee-1b7229d4b4ad,363,1734337209142126649,1734337209378002649,236
1a1c69bd-bd1b-4abc-828a-830ca10d3515,00079675-ce50-4d34-a3ee-1b7229d4b4ad,364,1734337215646214649,1734337216010087649,364
1a1c69bd-bd1b-4abc-828a-830ca10d3515,00079675-ce50-4d34-a3ee-1b7229d4b4ad,365,1734337217174081649,1734337217442112649,268
1a1c69bd-bd1b-4abc-828a-830ca10d3515,00079675-ce50-4d34-a3ee-1b7229d4b4ad,366,1734337219862114649,1734337220230009649,368
1a1c69bd-bd1b-4abc-828a-830ca10d3515,00079675-ce50-4d34-a3ee-1b7229d4b4ad,367,1734337220466098649,1734337220890073649,424
1a1c69bd-bd1b-4abc-828a-830ca10d3515,00079675-ce50-4d34-a3ee-1b7229d4b4ad,368,1734337225421955649,1734337225910029649,488
1a1c69bd-bd1b-4abc-828a-830ca10d3515,00079675-ce50-4d34-a3ee-1b7229d4b4ad,369,1734337226386071649,1734337226726098649,340
1a1c69bd-bd1b-4abc-828a-830ca10d3515,00079675-ce50-4d34-a3ee-1b7229d4b4ad,370,1734337228298060649,1734337228642241649,344
1a1c69bd-bd1b-4abc-828a-830ca10d3515,00079675-ce50-4d34-a3ee-1b7229d4b4ad,371,1734337229186083649,1734337229678176649,492
1a1c69bd-bd1b-4abc-828a-830ca10d3515,00079675-ce50-4d34-a3ee-1b7229d4b4ad,372,1734337231294097649,1734337231738153649,444
1a1c69bd-bd1b-4abc-828a-830ca10d3515,00079675-ce50-4d34-a3ee-1b7229d4b4ad,373,1734337234586105649,1734337234966118649,380
1a1c69bd-bd1b-4abc-828a-830ca10d3515,00079675-ce50-4d34-a3ee-1b7229d4b4ad,374,1734337237910173649,1734337238310085649,400
1a1c69bd-bd1b-4abc-828a-830ca10d3515,00079675-ce50-4d34-a3ee-1b7229d4b4ad,375,1734337243838231649,1734337244214198649,376
1a1c69bd-bd1b-4abc-828a-830ca10d3515,00079675-ce50-4d34-a3ee-1b7229d4b4ad,376,1734337245686071649,1734337246067061649,381
1a1c69bd-bd1b-4abc-828a-830ca10d3515,00079675-ce50-4d34-a3ee-1b7229d4b4ad,377,1734337247386351649,1734337247774073649,388
1a1c69bd-bd1b-4abc-828a-830ca10d3515,00079675-ce50-4d34-a3ee-1b7229d4b4ad,378,1734337254202147649,1734337254502046649,300
1a1c69bd-bd1b-4abc-828a-830ca10d3515,00079675-ce50-4d34-a3ee-1b7229d4b4ad,379,1734337255558126649,1734337255942084649,384
1a1c69bd-bd1b-4abc-828a-830ca10d3515,00079675-ce50-4d34-a3ee-1b7229d4b4ad,380,1734337258690110649,1734337259070061649,380
1a1c69bd-bd1b-4abc-828a-830ca10d3515,00079675-ce50-4d34-a3ee-1b7229d4b4ad,381,1734337265234180649,1734337265570101649,336
1a1c69bd-bd1b-4abc-828a-830ca10d3515,00079675-ce50-4d34-a3ee-1b7229d4b4ad,382,1734337266210169649,1734337266610097649,400
1a1c69bd-bd1b-4abc-828a-830ca10d3515,00079675-ce50-4d34-a3ee-1b7229d4b4ad,383,1734337268634172649,1734337268986569649,352
1a1c69bd-bd1b-4abc-828a-830ca10d3515,00079675-ce50-4d34-a3ee-1b7229d4b4ad,384,1734337269606163649,1734337269998083649,392
1a1c69bd-bd1b-4abc-828a-830ca10d3515,00079675-ce50-4d34-a3ee-1b7229d4b4ad,385,1734337271106425649,1734337271530161649,424
1a1c69bd-bd1b-4abc-828a-830ca10d3515,00079675-ce50-4d34-a3ee-1b7229d4b4ad,386,1734337273070087649,1734337273474169649,404
1a1c69bd-bd1b-4abc-828a-830ca10d3515,00079675-ce50-4d34-a3ee-1b7229d4b4ad,387,1734337277830208649,1734337278226069649,396
1a1c69bd-bd1b-4abc-828a-830ca10d3515,00079675-ce50-4d34-a3ee-1b7229d4b4ad,388,1734337279474209649,1734337279854161649,380
1a1c69bd-bd1b-4abc-828a-830ca10d3515,00079675-ce50-4d34-a3ee-1b7229d4b4ad,389,1734337281850083649,1734337282226151649,376
1a1c69bd-bd1b-4abc-828a-830ca10d3515,00079675-ce50-4d34-a3ee-1b7229d4b4ad,390,1734337283322088649,1734337283750060649,428
1a1c69bd-bd1b-4abc-828a-830ca10d3515,00079675-ce50-4d34-a3ee-1b7229d4b4ad,391,1734337285690061649,1734337286118277649,428
1a1c69bd-bd1b-4abc-828a-830ca10d3515,00079675-ce50-4d34-a3ee-1b7229d4b4ad,392,1734337292890106649,1734337293246081649,356
1a1c69bd-bd1b-4abc-828a-830ca10d3515,00079675-ce50-4d34-a3ee-1b7229d4b4ad,393,1734337294722017649,1734337295146091649,424
1a1c69bd-bd1b-4abc-828a-830ca10d3515,00079675-ce50-4d34-a3ee-1b7229d4b4ad,394,1734337296274207649,1734337296658195649,384
1a1c69bd-bd1b-4abc-828a-830ca10d3515,00079675-ce50-4d34-a3ee-1b7229d4b4ad,395,1734337302950081649,1734337303386096649,436
1a1c69bd-bd1b-4abc-828a-830ca10d3515,00079675-ce50-4d34-a3ee-1b7229d4b4ad,396,1734337306766037649,1734337307070185649,304
1a1c69bd-bd1b-4abc-828a-830ca10d3515,00079675-ce50-4d34-a3ee-1b7229d4b4ad,397,1734337307074647649,1734337307234094649,159
1a1c69bd-bd1b-4abc-828a-830ca10d3515,00079675-ce50-4d34-a3ee-1b7229d4b4ad,398,1734337308014091649,1734337308418178649,404
1a1c69bd-bd1b-4abc-828a-830ca10d3515,00079675-ce50-4d34-a3ee-1b7229d4b4ad,399,1734337310434123649,1734337310766104649,332
1a1c69bd-bd1b-4abc-828a-830ca10d3515,00079675-ce50-4d34-a3ee-1b7229d4b4ad,400,1734337320022107649,1734337320206075649,184
1a1c69bd-bd1b-4abc-828a-830ca10d3515,00079675-ce50-4d34-a3ee-1b7229d4b4ad,401,1734337321430079649,1734337321730120649,300
1a1c69bd-bd1b-4abc-828a-830ca10d3515,00079675-ce50-4d34-a3ee-1b7229d4b4ad,402,1734337324194316649,1734337324477979649,284
1a1c69bd-bd1b-4abc-828a-830ca10d3515,00079675-ce50-4d34-a3ee-1b7229d4b4ad,403,1734337332854187649,1734337333242072649,388
1a1c69bd-bd1b-4abc-828a-830ca10d3515,00079675-ce50-4d34-a3ee-1b7229d4b4ad,404,1734337334130150649,1734337334482042649,352
1a1c69bd-bd1b-4abc-828a-830ca10d3515,00079675-ce50-4d34-a3ee-1b7229d4b4ad,405,1734337334814091649,1734337335218143649,404
1a1c69bd-bd1b-4abc-828a-830ca10d3515,00079675-ce50-4d34-a3ee-1b7229d4b4ad,406,1734337336202036649,1734337336642083649,440
1a1c69bd-bd1b-4abc-828a-830ca10d3515,00079675-ce50-4d34-a3ee-1b7229d4b4ad,407,1734337338654067649,1734337339118068649,464
1a1c69bd-bd1b-4abc-828a-830ca10d3515,00079675-ce50-4d34-a3ee-1b7229d4b4ad,408,1734337342726300649,1734337343082120649,356
1a1c69bd-bd1b-4abc-828a-830ca10d3515,00079675-ce50-4d34-a3ee-1b7229d4b4ad,409,1734337349206080649,1734337349526115649,320
1a1c69bd-bd1b-4abc-828a-830ca10d3515,00079675-ce50-4d34-a3ee-1b7229d4b4ad,410,1734337351618078649,1734337351954008649,336
1a1c69bd-bd1b-4abc-828a-830ca10d3515,00079675-ce50-4d34-a3ee-1b7229d4b4ad,411,1734337355386270649,1734337355754064649,368
1a1c69bd-bd1b-4abc-828a-830ca10d3515,00079675-ce50-4d34-a3ee-1b7229d4b4ad,412,1734337358210036649,1734337358602120649,392
1a1c69bd-bd1b-4abc-828a-830ca10d3515,00079675-ce50-4d34-a3ee-1b7229d4b4ad,413,1734337361242088649,1734337361582103649,340
1a1c69bd-bd1b-4abc-828a-830ca10d3515,00079675-ce50-4d34-a3ee-1b7229d4b4ad,414,1734337363042161649,1734337363450103649,408
1a1c69bd-bd1b-4abc-828a-830ca10d3515,00079675-ce50-4d34-a3ee-1b7229d4b4ad,415,1734337364290093649,1734337364746082649,456
1a1c69bd-bd1b-4abc-828a-830ca10d3515,00079675-ce50-4d34-a3ee-1b7229d4b4ad,416,1734337365522118649,1734337365918105649,396
1a1c69bd-bd1b-4abc-828a-830ca10d3515,00079675-ce50-4d34-a3ee-1b7229d4b4ad,417,1734337366126265649,1734337366698257649,572
1a1c69bd-bd1b-4abc-828a-830ca10d3515,00079675-ce50-4d34-a3ee-1b7229d4b4ad,418,1734337369202301649,1734337369626075649,424
1a1c69bd-bd1b-4abc-828a-830ca10d3515,00079675-ce50-4d34-a3ee-1b7229d4b4ad,419,1734337372293972649,1734337372742086649,448
1a1c69bd-bd1b-4abc-828a-830ca10d3515,00079675-ce50-4d34-a3ee-1b7229d4b4ad,420,1734337376666068649,1734337377042000649,376
1a1c69bd-bd1b-4abc-828a-830ca10d3515,00079675-ce50-4d34-a3ee-1b7229d4b4ad,421,1734337378018179649,1734337378382101649,364
1a1c69bd-bd1b-4abc-828a-830ca10d3515,00079675-ce50-4d34-a3ee-1b7229d4b4ad,422,1734337379626094649,1734337380042154649,416
1a1c69bd-bd1b-4abc-828a-830ca10d3515,00079675-ce50-4d34-a3ee-1b7229d4b4ad,423,1734337382718206649,1734337383150089649,432
1a1c69bd-bd1b-4abc-828a-830ca10d3515,00079675-ce50-4d34-a3ee-1b7229d4b4ad,424,1734337385898104649,1734337386238017649,340
1a1c69bd-bd1b-4abc-828a-830ca10d3515,00079675-ce50-4d34-a3ee-1b7229d4b4ad,425,1734337388230135649,1734337388578153649,348
1a1c69bd-bd1b-4abc-828a-830ca10d3515,00079675-ce50-4d34-a3ee-1b7229d4b4ad,426,1734337388750053649,1734337389166177649,416
1a1c69bd-bd1b-4abc-828a-830ca10d3515,00079675-ce50-4d34-a3ee-1b7229d4b4ad,427,1734337391906081649,1734337392302244649,396
1a1c69bd-bd1b-4abc-828a-830ca10d3515,00079675-ce50-4d34-a3ee-1b7229d4b4ad,428,1734337395622078649,1734337396018120649,396
1a1c69bd-bd1b-4abc-828a-830ca10d3515,00079675-ce50-4d34-a3ee-1b7229d4b4ad,429,1734337397166044649,1734337397522008649,356
1a1c69bd-bd1b-4abc-828a-830ca10d3515,00079675-ce50-4d34-a3ee-1b7229d4b4ad,430,1734337398074247649,1734337398350086649,276
1a1c69bd-bd1b-4abc-828a-830ca10d3515,00079675-ce50-4d34-a3ee-1b7229d4b4ad,431,1734337398354111649,1734337398674091649,320
1a1c69bd-bd1b-4abc-828a-830ca10d3515,00079675-ce50-4d34-a3ee-1b7229d4b4ad,432,1734337399166133649,1734337399506125649,340
1a1c69bd-bd1b-4abc-828a-830ca10d3515,00079675-ce50-4d34-a3ee-1b7229d4b4ad,433,1734337401382087649,1734337401754063649,372
1a1c69bd-bd1b-4abc-828a-830ca10d3515,00079675-ce50-4d34-a3ee-1b7229d4b4ad,434,1734337402690099649,1734337403066077649,376
1a1c69bd-bd1b-4abc-828a-830ca10d3515,00079675-ce50-4d34-a3ee-1b7229d4b4ad,435,1734337407946121649,1734337408318120649,372
1a1c69bd-bd1b-4abc-828a-830ca10d3515,00079675-ce50-4d34-a3ee-1b7229d4b4ad,436,1734337411362124649,1734337411706208649,344
1a1c69bd-bd1b-4abc-828a-830ca10d3515,00079675-ce50-4d34-a3ee-1b7229d4b4ad,437,1734337412713968649,1734337413162115649,448
1a1c69bd-bd1b-4abc-828a-830ca10d3515,00079675-ce50-4d34-a3ee-1b7229d4b4ad,438,1734337415926196649,1734337416314089649,388
1a1c69bd-bd1b-4abc-828a-830ca10d3515,00079675-ce50-4d34-a3ee-1b7229d4b4ad,439,1734337421678019649,1734337422034098649,356
1a1c69bd-bd1b-4abc-828a-830ca10d3515,00079675-ce50-4d34-a3ee-1b7229d4b4ad,440,1734337423010094649,1734337423406077649,396
1a1c69bd-bd1b-4abc-828a-830ca10d3515,00079675-ce50-4d34-a3ee-1b7229d4b4ad,441,1734337424610090649,1734337425030212649,420
1a1c69bd-bd1b-4abc-828a-830ca10d3515,00079675-ce50-4d34-a3ee-1b7229d4b4ad,442,1734337426570101649,1734337426918373649,348
1a1c69bd-bd1b-4abc-828a-830ca10d3515,00079675-ce50-4d34-a3ee-1b7229d4b4ad,443,1734337431110059649,1734337431514195649,404
1a1c69bd-bd1b-4abc-828a-830ca10d3515,00079675-ce50-4d34-a3ee-1b7229d4b4ad,444,1734337434470079649,1734337434866072649,396
1a1c69bd-bd1b-4abc-828a-830ca10d3515,00079675-ce50-4d34-a3ee-1b7229d4b4ad,445,1734337436242068649,1734337436598015649,356
1a1c69bd-bd1b-4abc-828a-830ca10d3515,00079675-ce50-4d34-a3ee-1b7229d4b4ad,446,1734337442442303649,1734337442758019649,316
1a1c69bd-bd1b-4abc-828a-830ca10d3515,00079675-ce50-4d34-a3ee-1b7229d4b4ad,447,1734337443798185649,1734337444214038649,416
1a1c69bd-bd1b-4abc-828a-830ca10d3515,00079675-ce50-4d34-a3ee-1b7229d4b4ad,448,1734337445626082649,1734337445997993649,372
1a1c69bd-bd1b-4abc-828a-830ca10d3515,00079675-ce50-4d34-a3ee-1b7229d4b4ad,449,1734337448194145649,1734337448554175649,360
1a1c69bd-bd1b-4abc-828a-830ca10d3515,00079675-ce50-4d34-a3ee-1b7229d4b4ad,450,1734337449014076649,1734337449422016649,408
1a1c69bd-bd1b-4abc-828a-830ca10d3515,00079675-ce50-4d34-a3ee-1b7229d4b4ad,451,1734337452410187649,1734337452786081649,376
1a1c69bd-bd1b-4abc-828a-830ca10d3515,00079675-ce50-4d34-a3ee-1b7229d4b4ad,452,1734337458642089649,1734337459042145649,400
1a1c69bd-bd1b-4abc-828a-830ca10d3515,00079675-ce50-4d34-a3ee-1b7229d4b4ad,453,1734337459714212649,1734337460070167649,356
1a1c69bd-bd1b-4abc-828a-830ca10d3515,00079675-ce50-4d34-a3ee-1b7229d4b4ad,454,1734337461002072649,1734337461366136649,364
1a1c69bd-bd1b-4abc-828a-830ca10d3515,00079675-ce50-4d34-a3ee-1b7229d4b4ad,455,1734337462058002649,1734337462454278649,396
1a1c69bd-bd1b-4abc-828a-830ca10d3515,00079675-ce50-4d34-a3ee-1b7229d4b4ad,456,1734337463594073649,1734337464022089649,428
1a1c69bd-bd1b-4abc-828a-830ca10d3515,00079675-ce50-4d34-a3ee-1b7229d4b4ad,457,1734337466614116649,1734337467022124649,408
1a1c69bd-bd1b-4abc-828a-830ca10d3515,00079675-ce50-4d34-a3ee-1b7229d4b4ad,458,1734337470614024649,1734337470978105649,364
1a1c69bd-bd1b-4abc-828a-830ca10d3515,00079675-ce50-4d34-a3ee-1b7229d4b4ad,459,1734337474174088649,1734337474562045649,388
1a1c69bd-bd1b-4abc-828a-830ca10d3515,00079675-ce50-4d34-a3ee-1b7229d4b4ad,460,1734337475274124649,1734337475710091649,436
1a1c69bd-bd1b-4abc-828a-830ca10d3515,00079675-ce50-4d34-a3ee-1b7229d4b4ad,461,1734337481542207649,1734337481914083649,372
1a1c69bd-bd1b-4abc-828a-830ca10d3515,00079675-ce50-4d34-a3ee-1b7229d4b4ad,462,1734337484018081649,1734337484502076649,484
1a1c69bd-bd1b-4abc-828a-830ca10d3515,00079675-ce50-4d34-a3ee-1b7229d4b4ad,463,1734337487534020649,1734337487890193649,356
1a1c69bd-bd1b-4abc-828a-830ca10d3515,00079675-ce50-4d34-a3ee-1b7229d4b4ad,464,1734337491966119649,1734337492366250649,400
1a1c69bd-bd1b-4abc-828a-830ca10d3515,00079675-ce50-4d34-a3ee-1b7229d4b4ad,465,1734337496178243649,1734337496542056649,364
1a1c69bd-bd1b-4abc-828a-830ca10d3515,00079675-ce50-4d34-a3ee-1b7229d4b4ad,466,1734337496766253649,1734337497138066649,372
1a1c69bd-bd1b-4abc-828a-830ca10d3515,00079675-ce50-4d34-a3ee-1b7229d4b4ad,467,1734337499050094649,1734337499445975649,396
1a1c69bd-bd1b-4abc-828a-830ca10d3515,00079675-ce50-4d34-a3ee-1b7229d4b4ad,468,1734337499890164649,1734337500314034649,424
1a1c69bd-bd1b-4abc-828a-830ca10d3515,00079675-ce50-4d34-a3ee-1b7229d4b4ad,469,1734337501958035649,1734337502254053649,296
1a1c69bd-bd1b-4abc-828a-830ca10d3515,00079675-ce50-4d34-a3ee-1b7229d4b4ad,470,1734337508890272649,1734337509298625649,408
1a1c69bd-bd1b-4abc-828a-830ca10d3515,00079675-ce50-4d34-a3ee-1b7229d4b4ad,471,1734337509934055649,1734337510353977649,420
1a1c69bd-bd1b-4abc-828a-830ca10d3515,00079675-ce50-4d34-a3ee-1b7229d4b4ad,472,1734337521005993649,1734337521366087649,360
1a1c69bd-bd1b-4abc-828a-830ca10d3515,00079675-ce50-4d34-a3ee-1b7229d4b4ad,473,1734337528490167649,1734337528838111649,348
1a1c69bd-bd1b-4abc-828a-830ca10d3515,00079675-ce50-4d34-a3ee-1b7229d4b4ad,474,1734337530982083649,1734337531322091649,340
1a1c69bd-bd1b-4abc-828a-830ca10d3515,00079675-ce50-4d34-a3ee-1b7229d4b4ad,475,1734337531922069649,1734337532290284649,368
1a1c69bd-bd1b-4abc-828a-830ca10d3515,00079675-ce50-4d34-a3ee-1b7229d4b4ad,476,1734337533350220649,1734337533618116649,268
1a1c69bd-bd1b-4abc-828a-830ca10d3515,00079675-ce50-4d34-a3ee-1b7229d4b4ad,477,1734337533948099649,1734337534342431649,394
1a1c69bd-bd1b-4abc-828a-830ca10d3515,00079675-ce50-4d34-a3ee-1b7229d4b4ad,478,1734337534534444649,1734337534802424649,268
1a1c69bd-bd1b-4abc-828a-830ca10d3515,00079675-ce50-4d34-a3ee-1b7229d4b4ad,479,1734337534806073649,1734337535210575649,405
1a1c69bd-bd1b-4abc-828a-830ca10d3515,00079675-ce50-4d34-a3ee-1b7229d4b4ad,480,1734337535957999649,1734337536126036649,168
